,label
xor2172,5
xor3258,7
xor3940,4
xor1023,6
xor2098,5
xor2368,4
xor2577,9
xor2903,7
xor3510,5
xor549,6
xor740,5
xor3260,6
xor3730,5
xor3911,7
xor521,6
xor1711,2
xor3016,6
xor3155,5
xor3853,5
xor343,4
xor843,6
xor1217,5
xor2357,3
xor2662,5
xor3452,5
xor3472,5
xor1159,4
xor1282,6
xor3100,6
xor1252,5
xor3335,5
xor39,6
xor142,5
xor157,4
xor192,4
xor1327,4
xor1333,5
xor1808,4
xor1874,4
xor2895,8
xor2973,6
xor3184,6
xor462,3
xor1289,3
xor3458,5
xor3772,2
xor826,7
xor1692,4
xor3855,5
xor280,4
xor2747,6
xor2797,4
xor1974,3
xor2425,5
xor2993,7
xor3543,2
xor568,7
xor753,4
xor794,3
xor870,6
xor1143,5
xor1620,4
xor3803,3
xor653,5
xor3490,5
xor13,5
xor44,5
xor793,4
xor1136,5
xor2703,5
xor3372,4
xor3934,5
xor458,5
xor1047,4
xor1575,4
xor1654,5
xor764,4
xor909,6
xor1117,4
xor1223,6
xor2560,7
xor2605,7
xor2659,7
xor2712,4
xor3154,7
xor1492,4
xor1519,5
xor2128,5
xor3431,6
xor3547,3
xor3166,6
xor3907,4
xor120,4
xor1404,6
xor3906,4
xor1018,5
xor1175,6
xor2576,9
xor2094,4
xor2166,6
xor3105,6
xor338,3
xor664,4
xor2300,2
xor2386,4
xor2739,6
xor3691,4
xor628,5
xor1914,3
xor548,6
xor1849,4
xor2502,4
xor2705,5
xor2335,5
xor2474,5
xor1818,3
xor3529,6
xor23,5
xor55,5
xor1420,6
xor2969,5
xor312,4
xor1769,0
xor2110,6
xor2843,5
xor2119,5
xor635,3
xor1232,6
xor1786,4
xor2676,5
xor3137,5
xor74,6
xor405,3
xor425,4
xor541,7
xor1551,4
xor1839,4
xor2180,4
xor2342,5
xor2854,5
xor3417,7
xor3928,5
xor959,6
xor1392,5
xor1793,5
xor3379,3
xor3742,6
xor852,7
xor3139,5
xor3188,5
xor3655,5
xor2194,5
xor2312,2
xor4147,3
xor944,6
xor1501,3
xor2210,6
xor2508,5
xor3506,5
xor3779,2
xor491,7
xor1099,4
xor1872,3
xor4019,5
xor100,4
xor272,4
xor1491,5
xor3240,7
xor3361,5
xor3525,3
xor4084,7
xor1355,6
xor2049,2
xor2341,5
xor3391,5
xor329,5
xor414,7
xor773,4
xor1919,4
xor2057,4
xor2578,8
xor2582,7
xor3182,6
xor3856,3
xor264,4
xor384,5
xor1203,7
xor1407,4
xor1521,7
xor2617,7
xor2864,4
xor3217,5
xor4018,4
xor228,5
xor3536,3
xor3727,4
xor117,3
xor155,3
xor3522,4
xor3850,7
xor4079,3
xor2607,7
xor3842,1
xor140,4
xor1602,4
xor1634,2
xor3825,1
xor3828,2
xor210,4
xor3001,5
xor3979,4
xor26,5
xor298,3
xor426,4
xor1150,5
xor1604,5
xor1972,4
xor2670,5
xor2804,5
xor11,6
xor118,5
xor368,5
xor2856,5
xor1240,5
xor3981,4
xor603,4
xor1065,4
xor1229,6
xor1279,6
xor1976,2
xor2147,5
xor2717,6
xor3385,6
xor908,6
xor1848,4
xor1944,3
xor2520,3
xor4129,4
xor7,6
xor774,5
xor900,7
xor1929,3
xor2431,5
xor2437,4
xor3480,6
xor3624,4
xor202,4
xor872,6
xor1698,5
xor2150,6
xor2353,4
xor3848,1
xor504,7
xor978,6
xor366,5
xor404,6
xor1431,4
xor1788,5
xor1891,4
xor2311,5
xor4105,3
xor2070,4
xor2883,6
xor3896,6
xor24,6
xor349,5
xor351,6
xor1068,4
xor3093,5
xor2090,6
xor2461,5
xor3944,3
xor124,5
xor1916,2
xor2208,5
xor2825,6
xor931,5
xor3635,4
xor902,8
xor2107,6
xor3437,5
xor4110,3
xor126,6
xor830,6
xor2023,3
xor4102,4
xor244,5
xor776,4
xor2162,4
xor2942,6
xor3717,4
xor2289,5
xor2597,6
xor2748,5
xor190,4
xor283,5
xor887,6
xor1176,3
xor2016,3
xor3107,6
xor3024,5
xor3026,6
xor1621,4
xor2586,6
xor2669,6
xor463,2
xor4074,5
xor2283,3
xor2763,7
xor2894,6
xor1131,6
xor1587,4
xor3778,2
xor3923,3
xor1389,5
xor1546,5
xor2459,4
xor2994,6
xor1309,6
xor1650,4
xor233,4
xor654,5
xor882,6
xor2106,6
xor2792,5
xor3363,3
xor3650,4
xor4036,0
xor791,4
xor1172,5
xor1192,7
xor2269,4
xor323,3
xor801,4
xor2124,4
xor3051,5
xor3634,3
xor897,6
xor1470,2
xor3296,5
xor829,6
xor2565,6
xor3762,4
xor300,4
xor3220,4
xor359,3
xor483,7
xor3625,5
xor536,7
xor550,6
xor839,7
xor2153,5
xor2991,5
xor3733,3
xor3743,5
xor381,5
xor1992,5
xor2037,4
xor2924,7
xor3711,5
xor335,5
xor1123,5
xor2354,4
xor2916,6
xor2931,7
xor806,5
xor2694,6
xor4065,4
xor719,5
xor1512,5
xor2427,6
xor3249,6
xor3537,2
xor77,5
xor2443,5
xor3032,5
xor3732,6
xor3908,2
xor704,5
xor1565,4
xor2791,5
xor3251,6
xor4014,5
xor2367,5
xor3505,5
xor3707,3
xor2505,4
xor2745,7
xor3065,5
xor3270,6
xor3316,5
xor3395,5
xor104,4
xor201,4
xor3503,5
xor3972,4
xor597,7
xor1683,4
xor2475,6
xor3261,6
xor3807,2
xor3849,0
xor176,4
xor785,6
xor803,5
xor1200,5
xor1803,3
xor1847,3
xor2052,4
xor3268,7
xor3492,5
xor528,7
xor3801,0
xor3833,1
xor950,6
xor1394,3
xor2053,4
xor2182,5
xor2200,5
xor2334,5
xor3282,5
xor3810,3
xor333,7
xor1082,4
xor2733,6
xor105,4
xor607,7
xor1163,6
xor1281,6
xor1440,6
xor2503,4
xor2507,4
xor1815,5
xor932,5
xor910,6
xor2420,6
xor3222,4
xor3421,6
xor3507,4
xor416,4
xor2535,5
xor3039,5
xor3602,4
xor287,3
xor1058,5
xor2457,5
xor2752,6
xor3215,5
xor2213,4
xor180,4
xor403,5
xor1038,6
xor1690,5
xor1806,4
xor1922,3
xor2270,4
xor2396,2
xor2591,6
xor2875,5
xor1493,3
xor2146,5
xor2480,6
xor3244,4
xor655,5
xor2324,5
xor914,6
xor3075,6
xor4071,4
xor723,3
xor1177,8
xor1889,4
xor2978,8
xor189,5
xor448,5
xor1051,6
xor1902,3
xor2728,5
xor3035,6
xor3173,5
xor36,6
xor974,6
xor1202,7
xor1938,5
xor2232,4
xor279,4
xor2801,6
xor3498,4
xor337,7
xor647,5
xor1638,4
xor249,4
xor831,6
xor3394,5
xor573,8
xor1220,5
xor3544,4
xor1080,6
xor1603,4
xor4033,3
xor79,4
xor131,5
xor160,5
xor2001,5
xor2066,2
xor3640,4
xor3799,1
xor207,3
xor601,4
xor412,5
xor455,4
xor542,6
xor1439,5
xor3469,4
xor132,5
xor1402,5
xor1441,6
xor1791,6
xor2185,5
xor672,5
xor2911,7
xor367,5
xor3171,5
xor736,5
xor3786,3
xor848,7
xor1665,4
xor2714,5
xor134,6
xor1147,4
xor2042,4
xor3011,5
xor3114,6
xor3413,7
xor3622,5
xor1666,6
xor2838,5
xor3398,3
xor30,6
xor722,4
xor746,5
xor1260,4
xor2250,6
xor3630,4
xor1629,4
xor2069,3
xor431,4
xor930,6
xor1356,6
xor1579,5
xor1832,2
xor2253,4
xor3054,6
xor3125,5
xor360,5
xor511,6
xor2310,4
xor2759,5
xor3963,4
xor825,6
xor1859,5
xor2652,8
xor2207,5
xor3894,3
xor370,5
xor589,6
xor1694,4
xor1802,4
xor3949,6
xor304,4
xor1011,4
xor1290,4
xor2121,5
xor173,6
xor371,6
xor616,5
xor702,7
xor2076,6
xor2235,5
xor1975,3
xor193,4
xor291,5
xor605,5
xor3158,4
xor3577,3
xor48,4
xor720,4
xor1416,5
xor1954,4
xor3667,4
xor3832,2
xor489,6
xor1340,7
xor430,3
xor853,7
xor2453,5
xor781,4
xor1399,5
xor2695,5
xor2936,6
xor3057,5
xor3197,6
xor3255,9
xor198,4
xor1157,4
xor3203,4
xor4143,3
xor574,7
xor2562,9
xor3623,4
xor3917,3
xor418,5
xor3699,3
xor274,7
xor376,5
xor1274,5
xor1476,2
xor2700,5
xor2961,5
xor3357,6
xor471,4
xor670,6
xor724,6
xor1397,3
xor1529,5
xor1556,3
xor1592,5
xor3274,6
xor1460,3
xor1778,5
xor3684,5
xor3720,3
xor518,6
xor869,5
xor1048,5
xor1861,5
xor1904,4
xor2921,5
xor3611,5
xor3784,4
xor4100,4
xor731,6
xor868,5
xor1257,5
xor2612,7
xor3753,6
xor299,4
xor3212,5
xor116,5
xor1456,4
xor1631,3
xor1978,5
xor2678,4
xor2821,5
xor3461,6
xor3955,4
xor289,4
xor2768,8
xor3163,6
xor3504,5
xor750,5
xor1168,4
xor1419,5
xor3578,4
xor3722,4
xor4086,4
xor345,5
xor2656,4
xor673,5
xor951,6
xor1342,7
xor1685,4
xor1927,3
xor2081,5
xor2492,4
xor665,4
xor838,6
xor1000,5
xor1291,3
xor1756,2
xor2592,6
xor3443,6
xor72,5
xor929,5
xor984,5
xor2958,6
xor2998,5
xor457,5
xor2919,6
xor2,6
xor2847,5
xor466,4
xor1358,4
xor1377,6
xor2212,5
xor2351,5
xor3378,3
xor3725,3
xor3823,2
xor221,2
xor804,5
xor1071,7
xor2025,2
xor2288,3
xor3735,4
xor3883,5
xor4004,2
xor156,4
xor703,5
xor749,6
xor1737,4
xor497,7
xor1181,7
xor1499,3
xor2509,4
xor3143,4
xor3860,5
xor1836,6
xor2217,5
xor3312,7
xor424,4
xor717,6
xor787,5
xor1686,4
xor1886,3
xor3231,5
xor188,5
xor348,5
xor2639,7
xor3069,6
xor3485,4
xor3838,1
xor273,6
xor1998,5
xor3178,5
xor42,6
xor1744,4
xor1814,5
xor2299,1
xor2463,4
xor1061,5
xor1359,5
xor1837,6
xor2248,3
xor3177,3
xor3660,5
xor1259,5
xor3637,3
xor1908,3
xor2159,4
xor1019,5
xor1102,5
xor1307,4
xor2485,3
xor2709,5
xor3976,4
xor186,5
xor275,5
xor2184,5
xor2589,7
xor3162,4
xor3824,0
xor4118,4
xor901,7
xor2408,4
xor3214,4
xor2012,3
xor2610,7
xor2746,6
xor3424,6
xor3992,2
xor61,4
xor436,3
xor1374,6
xor1797,4
xor3096,5
xor3202,5
xor246,4
xor996,6
xor1086,4
xor1819,4
xor247,4
xor847,6
xor861,6
xor2028,2
xor778,5
xor867,6
xor1909,4
xor1920,1
xor2412,5
xor2829,4
xor281,3
xor2487,4
xor2730,5
xor3620,5
xor3680,5
xor880,5
xor3488,6
xor935,5
xor1535,5
xor1952,2
xor2719,5
xor3933,4
xor4087,4
xor1717,1
xor3454,5
xor3508,4
xor4030,4
xor1212,5
xor1965,2
xor2216,4
xor2424,5
xor3190,6
xor413,6
xor1857,4
xor2620,8
xor10,7
xor1326,5
xor1433,6
xor513,7
xor1613,3
xor1748,0
xor2539,2
xor2774,5
xor3470,3
xor748,6
xor1025,7
xor3029,7
xor3558,2
xor3968,4
xor3113,6
xor2769,7
xor3157,5
xor994,5
xor1716,2
xor2326,4
xor3127,6
xor3885,5
xor506,7
xor912,5
xor1917,3
xor25,6
xor889,7
xor1002,5
xor1548,4
xor1637,4
xor1701,4
xor1789,5
xor2065,3
xor2123,4
xor3198,6
xor3233,4
xor235,5
xor408,3
xor277,4
xor1867,4
xor3187,6
xor85,4
xor2593,6
xor2795,5
xor3819,1
xor688,7
xor699,6
xor1323,6
xor1584,5
xor1951,3
xor2494,5
xor2862,5
xor3136,6
xor1413,6
xor1964,0
xor3836,1
xor4034,2
xor4085,4
xor1171,5
xor3795,0
xor40,5
xor1046,6
xor1478,2
xor2645,7
xor2873,5
xor374,6
xor2982,6
xor3151,7
xor203,4
xor1443,4
xor2874,5
xor2890,7
xor3654,4
xor2295,4
xor361,4
xor485,7
xor1412,6
xor1445,4
xor3341,5
xor3863,4
xor2681,5
xor3666,5
xor2031,3
xor2122,5
xor3062,6
xor4009,2
xor138,4
xor440,4
xor1854,5
xor1958,2
xor2197,4
xor475,3
xor578,6
xor2486,4
xor971,6
xor3156,6
xor3426,5
xor3793,1
xor4000,3
xor1335,3
xor1454,5
xor3195,6
xor177,4
xor679,5
xor2715,5
xor3553,1
xor1280,5
xor2054,4
xor3404,4
xor3584,6
xor827,7
xor1369,5
xor2624,6
xor2651,6
xor2899,4
xor3353,5
xor625,6
xor1219,5
xor1530,6
xor1674,5
xor2436,5
xor2876,4
xor3022,5
xor3597,7
xor3909,2
xor148,3
xor1495,3
xor1712,2
xor1983,5
xor2178,4
xor2567,7
xor3436,5
xor856,6
xor1121,6
xor1809,5
xor1810,6
xor2089,5
xor3272,6
xor3317,4
xor354,5
xor2179,5
xor1059,5
xor1766,1
xor3342,3
xor802,5
xor1566,3
xor2600,7
xor3027,6
xor3475,5
xor580,4
xor898,6
xor1149,3
xor2778,7
xor2817,5
xor3369,5
xor49,4
xor119,5
xor159,5
xor2422,5
xor2879,5
xor3468,5
xor3626,4
xor3646,5
xor1794,5
xor3678,4
xor864,6
xor2546,4
xor2723,5
xor3094,5
xor473,6
xor1338,6
xor800,4
xor1278,5
xor1945,3
xor2316,4
xor2411,5
xor3097,4
xor1083,7
xor1743,1
xor2102,5
xor553,7
xor1921,4
xor2986,6
xor1292,4
xor1481,2
xor1583,4
xor2328,4
xor3670,5
xor1557,4
xor2758,6
xor2222,5
xor3297,6
xor3320,4
xor305,4
xor355,5
xor1026,6
xor1606,4
xor1816,5
xor3685,5
xor4103,3
xor479,6
xor965,6
xor2276,5
xor3147,7
xor604,4
xor970,6
xor1480,1
xor2910,7
xor3409,5
xor3920,8
xor86,4
xor991,6
xor2682,6
xor191,5
xor1087,6
xor3462,6
xor3708,3
xor3973,5
xor631,6
xor1345,6
xor1384,5
xor2224,3
xor331,6
xor641,6
xor1680,5
xor1883,5
xor3439,7
xor1186,5
xor1442,5
xor1568,3
xor2498,5
xor2734,5
xor3077,5
xor3225,3
xor3229,6
xor3812,1
xor123,4
xor727,8
xor919,5
xor2595,7
xor3082,5
xor3241,5
xor3988,5
xor854,8
xor878,6
xor1016,7
xor3463,6
xor402,4
xor558,6
xor705,5
xor1479,2
xor1707,3
xor2618,6
xor3286,4
xor3315,5
xor31,6
xor391,5
xor694,5
xor1030,7
xor1055,6
xor1939,3
xor2552,2
xor2779,5
xor2975,7
xor3131,6
xor3285,5
xor3414,6
xor3969,2
xor4028,2
xor1562,3
xor1996,4
xor2041,2
xor2079,6
xor2135,4
xor2799,3
xor621,5
xor2278,4
xor2568,7
xor3314,6
xor95,3
xor816,7
xor1135,4
xor1987,4
xor318,5
xor522,6
xor961,5
xor1368,6
xor1570,5
xor2405,5
xor1489,4
xor1515,4
xor1980,5
xor2055,4
xor43,5
xor293,4
xor379,5
xor2100,6
xor2905,6
xor3562,6
xor3718,3
xor1029,6
xor1518,4
xor2472,6
xor3804,1
xor3954,3
xor199,5
xor1247,6
xor2451,4
xor2937,6
xor4127,5
xor3186,6
xor3250,6
xor3406,5
xor3898,2
xor498,8
xor1695,2
xor2884,7
xor4112,4
xor924,4
xor2112,6
xor2749,5
xor2913,7
xor4027,3
xor181,4
xor1239,5
xor2043,3
xor3021,6
xor3227,5
xor4064,5
xor4126,6
xor1751,1
xor2078,6
xor656,6
xor1520,5
xor2026,4
xor14,6
xor3185,5
xor3299,6
xor3560,1
xor3961,3
xor1834,5
xor2096,5
xor538,7
xor1310,4
xor1509,7
xor2818,5
xor3509,6
xor3930,5
xor936,6
xor1466,2
xor1605,4
xor1782,5
xor2602,7
xor3989,4
xor992,6
xor2616,6
xor3444,6
xor3752,4
xor3785,2
xor168,3
xor1572,4
xor3252,3
xor398,5
xor2125,4
xor2383,2
xor3072,6
xor3200,6
xor3523,4
xor17,4
xor917,7
xor1706,2
xor1846,4
xor2137,4
xor3281,5
xor3291,6
xor3996,1
xor913,5
xor1264,4
xor1824,5
xor2806,5
xor70,5
xor547,7
xor1464,1
xor2005,4
xor3264,5
xor3300,6
xor742,5
xor790,5
xor1884,2
xor2679,4
xor256,5
xor2152,3
xor686,6
xor788,4
xor2313,3
xor2530,4
xor3491,5
xor1378,5
xor1772,1
xor2010,4
xor2265,5
xor2285,3
xor3744,3
xor1032,6
xor2171,3
xor2815,5
xor2981,6
xor330,5
xor713,5
xor1457,3
xor2433,5
xor3330,5
xor619,5
xor758,4
xor1833,2
xor2333,4
xor1094,6
xor1430,5
xor1573,5
xor3108,6
xor4035,2
xor4043,1
xor322,4
xor2254,5
xor3792,2
xor2580,7
xor2794,5
xor706,4
xor1534,5
xor3586,6
xor3974,4
xor1024,6
xor1073,7
xor1085,6
xor2409,7
xor3325,5
xor154,3
xor434,4
xor2097,5
xor4022,3
xor1614,3
xor1779,5
xor2256,4
xor3696,4
xor1633,4
xor1882,4
xor3153,8
xor3515,5
xor954,7
xor1364,7
xor3481,6
xor67,4
xor633,5
xor1708,4
xor2429,4
xor3870,5
xor1360,5
xor2545,4
xor3076,5
xor112,5
xor751,5
xor1759,1
xor1801,5
xor3445,5
xor3770,4
xor4023,2
xor357,5
xor789,5
xor1781,5
xor1853,4
xor3248,5
xor3676,5
xor369,4
xor2196,4
xor2979,7
xor3455,5
xor4049,4
xor1318,5
xor1765,1
xor2063,4
xor3843,0
xor540,6
xor963,5
xor1510,6
xor2525,4
xor1185,6
xor1206,5
xor1984,4
xor2403,5
xor3396,4
xor3693,5
xor941,6
xor1979,6
xor2030,5
xor3293,5
xor3344,4
xor303,4
xor2653,7
xor3056,7
xor4083,3
xor265,5
xor1153,6
xor1539,4
xor2219,5
xor4115,4
xor609,6
xor1079,5
xor2374,3
xor3639,4
xor1353,6
xor2393,4
xor2573,7
xor52,5
xor145,5
xor1258,5
xor3501,6
xor3783,3
xor1636,5
xor2120,5
xor2673,7
xor3636,3
xor266,5
xor1069,4
xor2626,6
xor1876,3
xor3950,4
xor358,4
xor709,6
xor2056,4
xor2067,3
xor3099,6
xor239,4
xor767,5
xor2111,7
xor3115,5
xor3446,6
xor523,6
xor810,6
xor2983,6
xor3648,4
xor3662,5
xor3705,4
xor3015,5
xor3366,4
xor3657,6
xor3895,4
xor395,4
xor494,8
xor1205,5
xor1405,6
xor1496,3
xor2158,4
xor2581,7
xor3323,6
xor4010,2
xor2206,6
xor2766,6
xor892,6
xor2164,3
xor2619,6
xor2743,6
xor2826,5
xor453,3
xor962,7
xor2441,4
xor1776,5
xor2858,4
xor3644,3
xor2129,5
xor2677,4
xor1970,1
xor3144,4
xor3563,3
xor3947,4
xor754,4
xor1008,6
xor1504,5
xor1823,5
xor771,5
xor1600,5
xor2830,4
xor3019,6
xor3874,4
xor4136,4
xor782,4
xor1732,1
xor1780,3
xor2050,6
xor2189,5
xor3781,1
xor1132,5
xor1265,5
xor1288,3
xor1564,4
xor2029,3
xor2790,6
xor2017,5
xor3802,4
xor4025,2
xor464,4
xor925,5
xor2242,5
xor2447,6
xor2488,5
xor2698,5
xor2773,6
xor182,4
xor1332,5
xor2760,4
xor83,4
xor576,8
xor3278,7
xor3809,2
xor1903,4
xor2782,4
xor1053,5
xor1187,6
xor1299,5
xor1362,5
xor1959,2
xor2609,8
xor2857,4
xor3882,4
xor163,2
xor1276,6
xor2721,5
xor3869,5
xor2541,4
xor2648,6
xor3160,6
xor3362,4
xor3476,5
xor1347,6
xor1467,2
xor2375,4
xor3213,5
xor1506,6
xor1681,4
xor1735,2
xor2689,6
xor3346,6
xor799,5
xor1918,3
xor2395,3
xor3881,4
xor1197,5
xor1385,6
xor2093,4
xor2281,4
xor3604,5
xor96,5
xor1655,5
xor3423,6
xor3502,5
xor432,5
xor3710,2
xor81,4
xor1447,4
xor1652,5
xor600,5
xor581,6
xor1142,5
xor1527,6
xor3697,4
xor47,4
xor1155,5
xor2483,4
xor3194,6
xor4142,2
xor4144,4
xor928,7
xor2320,5
xor2233,4
xor3003,5
xor3500,5
xor3582,6
xor3990,3
xor107,5
xor3496,6
xor3745,4
xor1858,5
xor648,5
xor1331,4
xor1940,4
xor2776,5
xor3513,6
xor634,4
xor636,4
xor1463,3
xor2867,4
xor939,5
xor1313,3
xor1956,3
xor2148,5
xor2293,5
xor2667,5
xor1322,3
xor2039,4
xor2258,4
xor2587,6
xor3830,1
xor227,3
xor499,8
xor1994,6
xor2575,8
xor1485,1
xor2309,4
xor2647,7
xor1843,4
xor1960,0
xor2086,7
xor2696,6
xor906,6
xor1041,6
xor1328,4
xor1609,5
xor3702,4
xor3788,2
xor4073,6
xor560,7
xor667,6
xor1905,4
xor1936,2
xor2202,6
xor3890,5
xor3948,3
xor3031,5
xor3612,4
xor3925,4
xor254,4
xor1111,6
xor1997,6
xor459,5
xor807,6
xor1013,4
xor1076,8
xor1154,6
xor3591,4
xor1006,5
xor441,3
xor652,5
xor691,7
xor1767,0
xor1898,4
xor3999,3
xor4055,6
xor4117,2
xor1119,6
xor1942,4
xor2820,5
xor205,4
xor446,2
xor833,7
xor3473,3
xor3474,5
xor2674,5
xor2951,6
xor2999,6
xor3873,4
xor435,4
xor1231,7
xor2339,3
xor3559,2
xor19,4
xor2672,7
xor2732,6
xor3740,3
xor1671,4
xor2882,5
xor3846,0
xor285,5
xor2337,4
xor2528,5
xor2816,5
xor3257,7
xor1971,6
xor2377,4
xor1804,5
xor2706,4
xor2809,5
xor3018,6
xor3703,4
xor3420,6
xor109,5
xor777,5
xor812,8
xor1010,5
xor1432,4
xor1547,4
xor1899,4
xor3980,4
xor251,4
xor840,6
xor1091,6
xor1141,5
xor2561,7
xor2650,7
xor3025,6
xor1906,3
xor2783,4
xor3148,7
xor3465,5
xor2558,8
xor895,6
xor2082,7
xor2793,6
xor3603,6
xor3859,5
xor874,5
xor967,5
xor1114,6
xor2680,4
xor58,3
xor1233,6
xor1864,4
xor3599,5
xor3747,4
xor662,5
xor1598,4
xor2891,7
xor3412,4
xor658,5
xor1354,6
xor2880,5
xor577,7
xor1677,6
xor307,2
xor1126,5
xor1184,6
xor1237,4
xor1635,5
xor2370,5
xor2144,5
xor2317,6
xor3390,3
xor3613,4
xor76,3
xor480,7
xor2646,6
xor3135,5
xor321,3
xor2138,6
xor1201,7
xor2740,4
xor3126,4
xor3132,6
xor3381,4
xor3884,4
xor54,7
xor608,7
xor2836,5
xor3548,2
xor3922,4
xor937,5
xor3152,8
xor4021,3
xor1668,3
xor1969,1
xor2303,3
xor4131,4
xor311,4
xor1745,2
xor3308,6
xor3957,4
xor2803,8
xor3287,4
xor3983,4
xor2458,6
xor46,5
xor113,5
xor998,6
xor2381,4
xor3289,6
xor4011,2
xor2072,3
xor2290,4
xor2897,6
xor392,5
xor2061,4
xor2203,6
xor2928,7
xor4069,4
xor765,5
xor1329,6
xor3514,6
xor3791,2
xor263,3
xor613,6
xor1752,2
xor2516,4
xor3713,4
xor4067,4
xor419,4
xor545,8
xor1162,4
xor3642,3
xor614,6
xor2220,4
xor3104,5
xor3557,2
xor4031,2
xor332,4
xor3038,7
xor50,4
xor1050,4
xor1525,4
xor1558,3
xor2142,4
xor2385,4
xor3219,5
xor3868,4
xor3926,4
xor1697,4
xor3731,5
xor637,5
xor837,7
xor1319,5
xor2971,6
xor3430,6
xor3486,3
xor3086,5
xor3256,8
xor3916,4
xor1868,3
xor2635,6
xor2810,5
xor761,5
xor2907,6
xor3594,4
xor352,5
xor1072,7
xor1300,5
xor2022,4
xor3410,5
xor4090,4
xor195,4
xor2623,7
xor3808,1
xor179,3
xor510,6
xor645,5
xor1429,5
xor3528,5
xor344,6
xor2893,6
xor3033,6
xor4076,5
xor921,5
xor1616,3
xor2047,2
xor2170,4
xor1120,5
xor1536,4
xor2378,3
xor3539,3
xor94,4
xor1710,3
xor1986,2
xor2767,7
xor3564,4
xor3677,4
xor56,4
xor2868,4
xor3962,3
xor4068,5
xor38,5
xor2240,3
xor2279,4
xor1287,3
xor1425,6
xor3605,5
xor1704,2
xor2675,5
xor2866,5
xor4066,3
xor834,7
xor1870,4
xor2000,5
xor2401,2
xor2556,7
xor3068,6
xor3110,6
xor3388,4
xor2633,4
xor2707,6
xor3283,4
xor316,3
xor587,5
xor1760,1
xor2613,7
xor3273,5
xor1446,4
xor2087,6
xor3175,4
xor3765,4
xor420,4
xor2195,5
xor3649,5
xor1095,5
xor1611,4
xor1988,5
xor2315,4
xor2845,5
xor2849,4
xor3535,2
xor4017,4
xor4104,2
xor4141,3
xor1304,4
xor3101,7
xor3425,6
xor3499,4
xor3942,4
xor259,5
xor579,5
xor1892,4
xor2442,5
xor3306,5
xor3377,4
xor1585,4
xor1627,4
xor2738,5
xor3958,4
xor1109,5
xor1351,4
xor1763,1
xor2340,4
xor3567,5
xor484,7
xor3084,6
xor1623,3
xor288,6
xor296,4
xor3328,5
xor2355,4
xor2521,4
xor66,4
xor149,3
xor651,5
xor4119,3
xor141,5
xor1660,4
xor2040,4
xor2174,4
xor2537,5
xor3122,6
xor3935,5
xor612,6
xor4080,5
xor410,4
xor1458,3
xor2860,6
xor248,5
xor956,5
xor2518,5
xor2550,5
xor261,4
xor1390,6
xor2465,6
xor2720,6
xor3751,4
xor3888,4
xor324,5
xor599,5
xor3818,1
xor1001,5
xor1160,3
xor1216,5
xor1672,5
xor2302,4
xor2844,4
xor3726,4
xor2855,5
xor3814,2
xor3943,4
xor1272,4
xor1630,4
xor2852,4
xor3736,4
xor1409,4
xor3210,5
xor32,6
xor539,7
xor3418,7
xor3633,4
xor35,7
xor257,4
xor306,5
xor877,6
xor1651,4
xor2359,5
xor2542,4
xor3978,3
xor108,5
xor734,5
xor759,5
xor1357,5
xor3030,7
xor1581,6
xor2663,5
xor3575,3
xor4132,4
xor886,5
xor1191,6
xor1352,5
xor1508,6
xor2027,3
xor3734,5
xor429,4
xor3665,6
xor1567,3
xor1366,7
xor2169,5
xor986,6
xor1244,4
xor1435,6
xor3063,5
xor3112,5
xor27,7
xor1285,5
xor1455,3
xor2649,8
xor2871,4
xor3851,6
xor175,5
xor270,5
xor2068,4
xor2038,3
xor3688,4
xor3886,6
xor3912,6
xor292,4
xor1719,0
xor2011,4
xor3872,4
xor995,6
xor2133,4
xor1798,4
xor2338,5
xor2553,2
xor269,7
xor639,5
xor808,7
xor969,5
xor1559,4
xor2722,6
xor3201,5
xor3763,3
xor51,4
xor1703,2
xor1715,2
xor1784,5
xor3036,4
xor3694,4
xor456,5
xor755,4
xor1241,4
xor1667,5
xor2006,4
xor2388,4
xor2822,5
xor2943,6
xor3411,3
xor267,7
xor1571,4
xor1928,2
xor390,4
xor798,5
xor3083,7
xor481,8
xor661,4
xor3627,4
xor3985,4
xor1642,3
xor3216,5
xor3304,3
xor211,4
xor229,4
xor1295,4
xor2382,5
xor4138,5
xor1308,4
xor2923,6
xor3478,5
xor1042,6
xor1449,3
xor1731,2
xor2358,4
xor752,5
xor1225,5
xor1656,6
xor2348,4
xor240,4
xor286,3
xor571,7
xor739,5
xor1696,2
xor439,1
xor2902,7
xor353,4
xor1807,5
xor1284,5
xor680,5
xor1234,6
xor1724,0
xor2572,7
xor3590,4
xor1301,4
xor1462,2
xor1982,4
xor2247,5
xor3572,3
xor278,4
xor1375,7
xor2275,5
xor2755,5
xor3058,5
xor206,3
xor527,7
xor3102,6
xor1336,4
xor2191,5
xor3301,5
xor3351,6
xor575,6
xor747,5
xor1273,6
xor1376,5
xor2321,5
xor2835,5
xor4091,3
xor1411,3
xor1830,4
xor3121,6
xor1844,8
xor1934,2
xor2369,4
xor2495,4
xor3130,6
xor3797,1
xor3891,5
xor1007,7
xor1228,3
xor1341,7
xor2214,4
xor3071,6
xor3965,4
xor4149,2
xor922,5
xor2004,5
xor2410,7
xor2522,2
xor2789,5
xor4094,4
xor1561,3
xor3098,7
xor3230,6
xor490,7
xor532,6
xor638,5
xor716,5
xor2246,5
xor2249,6
xor3041,6
xor3549,1
xor3555,2
xor3755,5
xor1112,5
xor1827,5
xor2614,7
xor3477,6
xor3583,5
xor3618,5
xor255,4
xor857,6
xor1775,6
xor2583,8
xor34,6
xor2139,4
xor997,6
xor1926,2
xor2511,4
xor3237,4
xor3991,3
xor2227,3
xor2933,6
xor314,3
xor779,5
xor2373,3
xor2013,4
xor3904,5
xor1098,5
xor1179,9
xor2160,5
xor2584,7
xor394,3
xor766,5
xor770,5
xor1286,4
xor2555,6
xor3617,4
xor12,5
xor1156,4
xor2781,5
xor2989,5
xor91,6
xor881,6
xor1103,6
xor2143,4
xor2949,5
xor1129,4
xor1361,5
xor1981,4
xor2489,6
xor2702,6
xor4047,6
xor20,5
xor531,7
xor729,6
xor1106,6
xor1311,5
xor2095,4
xor2802,7
xor2957,6
xor3487,3
xor3787,2
xor3977,4
xor208,3
xor1841,3
xor3245,4
xor3331,5
xor365,4
xor591,5
xor1151,5
xor2896,6
xor2168,4
xor1081,5
xor1343,6
xor1372,6
xor1967,1
xor3771,2
xor1283,5
xor1552,5
xor170,5
xor1502,4
xor2117,4
xor2280,4
xor2510,4
xor2772,6
xor2859,6
xor1167,5
xor2272,4
xor3310,6
xor3724,4
xor1866,4
xor2777,5
xor3221,4
xor3432,6
xor103,5
xor822,7
xor1418,5
xor1541,4
xor1817,5
xor2842,5
xor2952,6
xor3600,5
xor2632,8
xor3451,7
xor1014,4
xor3322,5
xor3587,5
xor769,5
xor1758,2
xor2034,3
xor2345,7
xor2371,5
xor3149,7
xor1133,4
xor1465,2
xor2564,7
xor3641,4
xor3767,3
xor4029,2
xor1161,4
xor1659,4
xor3134,5
xor3959,5
xor846,6
xor1742,1
xor3303,3
xor3668,5
xor1524,5
xor2543,4
xor3091,6
xor3601,4
xor3653,4
xor4024,2
xor442,5
xor476,2
xor1043,4
xor388,4
xor2329,4
xor415,5
xor565,7
xor1451,5
xor1714,1
xor2925,6
xor3629,5
xor3774,5
xor3984,3
xor721,4
xor1125,5
xor1738,2
xor1963,1
xor2658,8
xor3183,6
xor252,4
xor955,5
xor2432,6
xor75,4
xor3800,0
xor3037,5
xor1932,2
xor2008,7
xor3124,5
xor1774,7
xor2390,3
xor2900,8
xor3259,6
xor3574,5
xor3937,5
xor452,5
xor979,6
xor1507,5
xor2267,5
xor2997,5
xor3189,6
xor1078,7
xor1828,5
xor1890,5
xor500,9
xor569,7
xor2015,3
xor3581,5
xor1003,6
xor1077,8
xor2668,5
xor3074,6
xor97,4
xor1601,4
xor1946,3
xor3921,4
xor99,3
xor1196,6
xor1532,5
xor1755,1
xor238,3
xor28,7
xor146,5
xor646,6
xor3017,6
xor3247,5
xor3715,3
xor3831,1
xor122,5
xor1052,6
xor1436,5
xor3181,6
xor3290,4
xor4056,5
xor101,3
xor223,1
xor1545,6
xor1699,3
xor3359,5
xor4078,5
xor2204,6
xor2238,5
xor2482,5
xor2513,3
xor3002,6
xor620,6
xor4032,3
xor990,6
xor2742,3
xor387,4
xor1056,6
xor2751,7
xor3193,4
xor3659,4
xor3679,4
xor1236,7
xor1896,4
xor2710,4
xor3748,5
xor217,5
xor400,5
xor1937,4
xor3080,5
xor3254,9
xor630,4
xor3609,6
xor3669,5
xor3815,2
xor2500,4
xor3709,4
xor2473,6
xor1371,6
xor2346,5
xor2559,7
xor84,5
xor341,5
xor1505,5
xor1722,1
xor1757,1
xor2024,4
xor2173,4
xor2211,6
xor2271,4
xor2851,5
xor4137,4
xor1293,5
xor1486,6
xor3116,7
xor342,5
xor649,6
xor3224,4
xor3337,4
xor3656,4
xor1211,4
xor3047,6
xor4013,4
xor1408,5
xor1953,2
xor2186,5
xor3728,5
xor4005,3
xor4006,2
xor1330,5
xor2231,3
xor3545,2
xor3861,5
xor225,1
xor1961,0
xor2051,5
xor222,5
xor561,4
xor4050,3
xor320,2
xor3009,5
xor437,3
xor1057,5
xor1553,5
xor1618,4
xor3326,5
xor3435,5
xor3524,3
xor1723,1
xor2439,4
xor3205,4
xor3376,5
xor3739,4
xor735,5
xor849,6
xor1924,3
xor2764,7
xor2834,4
xor3663,4
xor3938,4
xor725,6
xor290,4
xor2284,3
xor1563,4
xor2484,3
xor2493,6
xor3253,8
xor3533,3
xor585,5
xor1348,6
xor1702,2
xor1829,4
xor2540,4
xor2725,6
xor3288,5
xor57,4
xor2938,6
xor16,4
xor1962,0
xor2638,4
xor3866,3
xor1207,4
xor1422,4
xor1871,4
xor2735,5
xor3910,5
xor4088,3
xor845,5
xor1325,5
xor1999,5
xor3271,6
xor1302,3
xor2713,5
xor3704,4
xor3738,3
xor3442,7
xor3759,4
xor674,6
xor1105,6
xor1145,4
xor1321,4
xor1648,4
xor1852,5
xor677,4
xor2407,6
xor2630,7
xor3905,4
xor2596,7
xor3370,5
xor949,6
xor2259,5
xor2621,8
xor2995,5
xor3986,3
xor137,4
xor1170,4
xor2727,5
xor2771,6
xor2841,5
xor3862,4
xor1037,6
xor3373,4
xor659,5
xor676,6
xor1741,3
xor2504,4
xor3438,5
xor1771,1
xor2126,4
xor3090,4
xor3936,4
xor4075,5
xor421,4
xor866,6
xor2104,7
xor2209,5
xor2926,6
xor1591,4
xor3172,5
xor3302,4
xor2360,5
xor2496,4
xor3087,4
xor3223,4
xor4026,3
xor378,5
xor503,8
xor2234,5
xor3615,4
xor841,5
xor1913,4
xor678,5
xor2181,4
xor2490,7
xor3064,5
xor3111,5
xor533,8
xor78,4
xor1266,3
xor1400,5
xor2225,3
xor3318,6
xor3852,5
xor4089,4
xor232,4
xor1484,1
xor2002,5
xor2452,5
xor3554,2
xor3683,4
xor2941,5
xor3307,7
xor1417,5
xor2199,4
xor2226,3
xor3534,3
xor893,5
xor1115,5
xor2514,4
xor3364,3
xor3647,4
xor167,4
xor1090,6
xor2711,3
xor4152,6
xor1415,5
xor1995,4
xor2697,5
xor2737,4
xor3119,4
xor3845,0
xor4007,2
xor976,5
xor1199,5
xor1450,5
xor2468,5
xor2788,6
xor3847,1
xor687,7
xor2643,7
xor2970,6
xor427,4
xor586,5
xor1941,4
xor3593,5
xor3616,5
xor3664,4
xor4106,5
xor933,5
xor2684,7
xor2972,5
xor3826,1
xor6,7
xor875,6
xor1386,6
xor3387,5
xor9,6
xor514,7
xor524,7
xor1580,4
xor2274,4
xor3919,4
xor1725,0
xor2642,6
xor695,6
xor1275,6
xor2491,5
xor2892,7
xor3712,5
xor470,4
xor1444,4
xor1856,4
xor2074,2
xor3757,4
xor1096,5
xor1538,4
xor1349,6
xor1596,5
xor2036,4
xor3520,4
xor583,7
xor1093,6
xor3338,4
xor3658,5
xor594,5
xor712,6
xor2599,6
xor3700,3
xor960,4
xor1838,4
xor2402,3
xor172,3
xor284,5
xor1459,2
xor2927,7
xor3004,7
xor3358,6
xor153,3
xor130,6
xor1070,4
xor1931,2
xor526,7
xor3827,1
xor2003,3
xor572,6
xor2966,5
xor3561,1
xor4012,2
xor1169,4
xor1218,4
xor2718,5
xor3440,7
xor3447,6
xor814,7
xor1124,6
xor1595,5
xor2305,4
xor1165,5
xor3695,3
xor3956,3
xor4077,5
xor1139,5
xor2394,5
xor62,6
xor2445,4
xor3538,2
xor125,7
xor926,6
xor2145,4
xor2365,4
xor2686,6
xor3052,5
xor3267,6
xor3918,4
xor268,6
xor891,6
xor1213,6
xor1689,4
xor2406,5
xor2585,7
xor836,6
xor1248,5
xor1588,4
xor1985,3
xor3867,6
xor1693,3
xor3953,5
xor174,6
xor946,5
xor1513,4
xor1669,4
xor1800,6
xor2131,5
xor2356,4
xor3392,5
xor3652,4
xor4051,3
xor129,5
xor1088,6
xor1727,3
xor2428,5
xor2914,6
xor3043,5
xor3218,5
xor3433,5
xor3806,2
xor4120,4
xor544,8
xor2103,7
xor2163,4
xor3719,6
xor4113,4
xor883,6
xor1851,3
xor2363,3
xor2601,7
xor3165,5
xor2731,5
xor3941,4
xor183,5
xor1027,6
xor3347,4
xor3552,2
xor3589,4
xor336,5
xor488,7
xor700,5
xor1130,6
xor1214,4
xor1255,5
xor1498,5
xor1514,4
xor1955,2
xor2244,3
xor2908,6
xor3681,4
xor907,6
xor957,6
xor2193,3
xor2549,6
xor3060,5
xor3169,6
xor3565,4
xor3829,2
xor516,6
xor629,5
xor1324,5
xor1517,5
xor2865,5
xor3530,5
xor3945,4
xor69,4
xor1084,6
xor1306,3
xor1900,4
xor3592,4
xor3776,4
xor4111,5
xor216,5
xor428,4
xor797,5
xor832,6
xor3305,6
xor3531,3
xor3571,3
xor2440,5
xor3243,5
xor757,4
xor972,5
xor3028,6
xor3295,5
xor3607,5
xor53,5
xor2761,4
xor3081,5
xor3088,5
xor3674,4
xor3805,1
xor3858,5
xor460,5
xor952,6
xor1256,5
xor1790,3
xor1414,5
xor582,8
xor2020,4
xor2615,7
xor3262,5
xor3360,5
xor3429,6
xor492,7
xor519,7
xor1597,6
xor3756,5
xor1679,5
xor2062,5
xor2318,5
xor2462,5
xor733,5
xor1164,7
xor1845,4
xor3614,4
xor1122,6
xor1664,3
xor2264,5
xor2837,5
xor3034,5
xor213,5
xor449,4
xor535,7
xor905,6
xor1885,3
xor2929,7
xor855,7
xor2765,6
xor760,5
xor1576,4
xor3661,4
xor3382,3
xor4151,6
xor507,8
xor1673,4
xor3407,4
xor792,4
xor894,6
xor3721,4
xor1107,6
xor1733,2
xor2014,4
xor2113,5
xor2330,4
xor3471,6
xor942,6
xor2167,6
xor3292,5
xor139,4
xor1589,6
xor1691,3
xor2594,6
xor2945,5
xor2364,6
xor443,4
xor2930,8
xor63,4
xor842,5
xor2519,4
xor3971,5
xor692,8
xor1950,3
xor2736,3
xor2812,5
xor3349,6
xor3521,4
xor1770,0
xor1910,3
xor2223,3
xor1188,5
xor1448,3
xor2956,5
xor3023,5
xor3927,3
xor1367,6
xor1427,5
xor1554,4
xor1860,4
xor3511,6
xor1428,5
xor2940,6
xor276,4
xor1500,3
xor1792,4
xor3356,5
xor1590,5
xor3595,5
xor93,5
xor1110,6
xor1887,4
xor2448,6
xor2878,5
xor2887,5
xor3053,5
xor2149,5
xor2419,4
xor71,5
xor820,6
xor184,4
xor1235,6
xor1911,3
xor2965,7
xor3540,1
xor4016,4
xor1658,5
xor1734,3
xor1298,5
xor2376,4
xor2477,4
xor2657,6
xor2888,8
xor3402,5
xor111,5
xor194,4
xor1210,4
xor1877,5
xor3813,4
xor444,3
xor502,8
xor3606,6
xor3764,4
xor4123,2
xor150,3
xor1182,7
xor1268,4
xor1718,1
xor3191,5
xor602,4
xor1089,5
xor1968,1
xor2547,4
xor2629,7
xor2915,7
xor438,4
xor1398,5
xor2198,5
xor2708,5
xor1363,7
xor1503,6
xor3631,3
xor1880,3
xor3365,3
xor3368,4
xor3570,3
xor3588,5
xor595,7
xor1421,5
xor1670,4
xor1740,1
xor2780,5
xor4045,1
xor309,4
xor1178,9
xor1222,5
xor1403,6
xor3012,6
xor3970,1
xor650,5
xor1009,7
xor3448,6
xor242,5
xor537,7
xor938,6
xor947,5
xor2077,7
xor2839,4
xor2939,6
xor3168,6
xor162,5
xor567,7
xor772,5
xor844,6
xor975,5
xor3902,5
xor310,4
xor2622,7
xor4058,4
xor1127,4
xor2955,6
xor3401,5
xor3822,2
xor2245,5
xor3854,5
xor2391,3
xor4060,4
xor45,5
xor530,7
xor611,6
xor1785,5
xor2608,6
xor3532,4
xor3,6
xor690,6
xor1370,6
xor2255,3
xor3399,6
xor762,5
xor1391,5
xor1246,5
xor2134,3
xor3266,6
xor3889,4
xor3915,4
xor1039,5
xor1320,4
xor2430,5
xor2889,8
xor3550,1
xor4124,3
xor4133,4
xor82,4
xor617,6
xor1097,5
xor2551,3
xor2912,6
xor2469,4
xor3419,6
xor3457,5
xor2754,5
xor2963,6
xor4,6
xor1092,6
xor743,5
xor2691,6
xor3892,5
xor4140,5
xor885,5
xor1948,2
xor2426,5
xor3232,4
xor3835,1
xor4042,2
xor204,4
xor467,4
xor805,4
xor1158,4
xor1736,1
xor1893,2
xor1943,5
xor3375,5
xor1821,3
xor2044,4
xor562,4
xor592,5
xor1297,4
xor2099,5
xor2414,3
xor1615,4
xor2885,6
xor3610,5
xor1128,3
xor1749,1
xor1879,4
xor2109,6
xor3690,3
xor3706,4
xor1075,7
xor3010,5
xor3196,5
xor21,5
xor334,7
xor1649,3
xor2007,3
xor165,4
xor218,3
xor271,6
xor1054,6
xor1261,4
xor2527,3
xor2574,8
xor973,6
xor1705,1
xor3179,6
xor3632,3
xor215,4
xor2257,4
xor2366,4
xor2398,4
xor2848,5
xor3138,6
xor3716,3
xor741,5
xor2287,4
xor2308,4
xor2456,5
xor3120,5
xor3239,6
xor4109,4
xor417,6
xor682,6
xor3294,4
xor3621,6
xor556,8
xor644,6
xor2526,4
xor2654,6
xor3206,6
xor1777,5
xor2988,5
xor948,5
xor3566,5
xor3913,6
xor3960,2
xor669,7
xor1028,5
xor964,5
xor987,5
xor1031,6
xor1610,6
xor2332,5
xor2532,5
xor2840,4
xor3140,5
xor178,5
xor1060,6
xor2306,4
xor2784,4
xor821,6
xor2101,6
xor2796,4
xor3782,2
xor1617,5
xor1643,6
xor1684,3
xor169,5
xor260,4
xor1822,2
xor2297,2
xor2604,7
xor2641,7
xor1271,4
xor1393,4
xor3123,4
xor4150,2
xor1835,7
xor2331,4
xor2497,4
xor3768,4
xor469,4
xor487,8
xor627,5
xor2115,6
xor2499,6
xor2666,5
xor1682,4
xor2239,2
xor3741,4
xor1144,4
xor2323,4
xor2590,7
xor2644,7
xor3839,1
xor2268,4
xor2756,5
xor3482,5
xor3737,4
xor2260,4
xor2690,6
xor3170,6
xor3319,4
xor171,5
xor245,5
xor1915,3
xor2423,5
xor2692,5
xor1305,4
xor1339,7
xor1049,5
xor1641,4
xor1855,5
xor1862,4
xor2627,8
xor1074,3
xor1842,4
xor2021,3
xor2636,7
xor2909,7
xor3479,6
xor3887,4
xor642,5
xor859,6
xor1593,5
xor1653,6
xor1675,4
xor2241,4
xor1897,5
xor1925,3
xor3773,4
xor477,2
xor985,6
xor1277,5
xor1487,3
xor3495,5
xor3766,5
xor224,2
xor1477,1
xor2019,6
xor2950,5
xor1017,5
xor2415,4
xor3070,5
xor3350,5
xor3386,4
xor4121,3
xor383,4
xor1012,5
xor3608,5
xor689,6
xor1166,4
xor3164,6
xor920,5
xor2073,2
xor2188,5
xor2832,5
xor993,6
xor2155,4
xor2631,7
xor2898,7
xor784,6
xor1193,7
xor3336,4
xor3403,4
xor715,5
xor988,5
xor1242,6
xor1599,4
xor2176,4
xor1004,5
xor2352,4
xor90,6
xor817,6
xor1688,4
xor3434,4
xor3542,2
xor3673,6
xor121,4
xor1113,6
xor2434,4
xor2869,4
xor3109,6
xor3638,3
xor2291,4
xor2413,7
xor2977,7
xor3209,4
xor3493,5
xor4008,2
xor1064,5
xor1138,4
xor1373,6
xor2861,6
xor3422,6
xor3790,1
xor811,5
xor2992,6
xor4059,5
xor1,7
xor1401,6
xor1657,3
xor2501,4
xor3441,8
xor106,5
xor559,6
xor1227,3
xor1230,5
xor2467,5
xor2904,7
xor3045,5
xor4108,4
xor1543,5
xor1619,3
xor2314,3
xor2807,6
xor3327,4
xor730,5
xor1577,4
xor4039,1
xor465,4
xor520,7
xor863,6
xor1395,6
xor1687,3
xor3568,4
xor98,4
xor1388,6
xor2959,6
xor3750,5
xor1020,5
xor2304,5
xor4037,0
xor243,6
xor262,5
xor1468,4
xor1799,5
xor2108,6
xor2387,4
xor327,5
xor1542,5
xor1586,5
xor2531,4
xor2828,5
xor2130,7
xor2775,6
xor3924,4
xor152,3
xor377,5
xor2059,3
xor3993,3
xor1021,4
xor1140,5
xor1840,4
xor2140,3
xor3013,5
xor3459,5
xor1022,7
xor1250,5
xor2080,6
xor2083,6
xor2661,5
xor2726,5
xor3042,6
xor3682,4
xor4107,3
xor1582,5
xor2175,3
xor2282,3
xor2237,5
xor3005,5
xor3456,6
xor1594,5
xor4148,3
xor663,6
xor1221,6
xor2664,6
xor2846,5
xor2344,6
xor2438,4
xor3089,4
xor92,4
xor1574,4
xor1773,0
xor3952,3
xor328,5
xor896,5
xor2032,4
xor2161,4
xor2901,6
xor308,4
xor1406,5
xor1438,6
xor3484,5
xor317,4
xor407,4
xor1869,4
xor1350,5
xor1469,2
xor1930,2
xor2967,6
xor3780,2
xor128,6
xor396,6
xor1033,6
xor1754,1
xor1865,4
xor3844,0
xor999,6
xor2671,7
xor3048,5
xor253,4
xor3095,5
xor3585,7
xor4053,5
xor339,4
xor1270,6
xor1531,5
xor147,3
xor1262,4
xor2685,6
xor3055,6
xor876,6
xor1204,7
xor2009,4
xor2506,3
xor3174,5
xor3334,5
xor3651,4
xor517,6
xor904,6
xor1238,6
xor1612,4
xor2968,6
xor3857,5
xor1632,3
xor2262,5
xor3000,4
xor3103,6
xor2753,4
xor3374,5
xor819,8
xor1549,5
xor1662,3
gen0_214,0
gen0_329,0
gen0_482,0
gen0_713,0
gen0_938,0
gen0_1481,0
gen0_1613,0
gen0_1672,0
gen0_1966,0
gen0_2407,0
gen0_2616,0
gen0_2910,0
gen1_180,1
gen1_405,1
gen1_490,1
gen1_639,1
gen1_670,1
gen1_976,1
gen1_1546,1
gen1_2231,1
gen1_2262,1
gen1_2618,1
gen1_2619,1
gen1_2693,1
gen1_2843,1
gen1_2938,1
gen2_30,2
gen2_1181,2
gen2_1250,2
gen2_1533,2
gen2_1983,2
gen2_2117,2
gen2_2304,2
gen2_2362,2
gen2_2769,2
gen2_2887,2
gen3_5,3
gen3_24,3
gen3_66,3
gen3_119,3
gen3_131,3
gen3_136,3
gen3_138,3
gen3_176,3
gen3_184,3
gen3_197,3
gen3_199,3
gen3_200,3
gen3_210,3
gen3_229,3
gen3_275,3
gen3_276,3
gen3_279,3
gen3_297,3
gen3_354,3
gen3_363,3
gen3_382,3
gen3_387,3
gen3_389,3
gen3_397,3
gen3_407,3
gen3_442,3
gen3_466,3
gen3_509,3
gen3_530,3
gen3_533,3
gen3_543,3
gen3_594,3
gen3_606,3
gen3_639,3
gen3_665,3
gen3_669,3
gen3_707,3
gen3_729,3
gen3_753,3
gen3_764,3
gen3_796,3
gen3_810,3
gen3_841,3
gen3_849,3
gen3_856,3
gen3_857,3
gen3_890,3
gen3_897,3
gen3_900,3
gen3_911,3
gen3_918,3
gen3_922,3
gen3_967,3
gen3_969,3
gen3_984,3
gen3_1005,3
gen3_1014,3
gen3_1034,3
gen3_1035,3
gen3_1073,3
gen3_1081,3
gen3_1088,3
gen3_1119,3
gen3_1143,3
gen3_1149,3
gen3_1160,3
gen3_1185,3
gen3_1191,3
gen3_1213,3
gen3_1226,3
gen3_1248,3
gen3_1273,3
gen3_1285,3
gen3_1320,3
gen3_1323,3
gen3_1331,3
gen3_1352,3
gen3_1365,3
gen3_1377,3
gen3_1459,3
gen3_1486,3
gen3_1509,3
gen3_1547,3
gen3_1585,3
gen3_1623,3
gen3_1660,3
gen3_1664,3
gen3_1697,3
gen3_1707,3
gen3_1723,3
gen3_1739,3
gen3_1744,3
gen3_1754,3
gen3_1762,3
gen3_1785,3
gen3_1791,3
gen3_1813,3
gen3_1814,3
gen3_1817,3
gen3_1919,3
gen3_1967,3
gen3_1968,3
gen3_2046,3
gen3_2056,3
gen3_2058,3
gen3_2062,3
gen3_2071,3
gen3_2113,3
gen3_2138,3
gen3_2141,3
gen3_2148,3
gen3_2157,3
gen3_2163,3
gen3_2175,3
gen3_2188,3
gen3_2195,3
gen3_2197,3
gen3_2198,3
gen3_2207,3
gen3_2220,3
gen3_2230,3
gen3_2247,3
gen3_2254,3
gen3_2267,3
gen3_2273,3
gen3_2294,3
gen3_2302,3
gen3_2321,3
gen3_2325,3
gen3_2334,3
gen3_2374,3
gen3_2394,3
gen3_2400,3
gen3_2425,3
gen3_2441,3
gen3_2449,3
gen3_2453,3
gen3_2477,3
gen3_2524,3
gen3_2541,3
gen3_2543,3
gen3_2550,3
gen3_2564,3
gen3_2581,3
gen3_2606,3
gen3_2610,3
gen3_2682,3
gen3_2684,3
gen3_2688,3
gen3_2693,3
gen3_2707,3
gen3_2714,3
gen3_2737,3
gen3_2743,3
gen3_2758,3
gen3_2768,3
gen3_2779,3
gen3_2782,3
gen3_2783,3
gen3_2829,3
gen3_2830,3
gen3_2840,3
gen3_2841,3
gen3_2843,3
gen3_2846,3
gen3_2847,3
gen3_2853,3
gen3_2887,3
gen3_2898,3
gen3_2914,3
gen3_2974,3
gen4_1,4
gen4_2,4
gen4_12,4
gen4_33,4
gen4_39,4
gen4_41,4
gen4_48,4
gen4_51,4
gen4_56,4
gen4_57,4
gen4_58,4
gen4_62,4
gen4_63,4
gen4_77,4
gen4_82,4
gen4_85,4
gen4_89,4
gen4_98,4
gen4_101,4
gen4_121,4
gen4_134,4
gen4_136,4
gen4_151,4
gen4_163,4
gen4_198,4
gen4_201,4
gen4_214,4
gen4_215,4
gen4_216,4
gen4_218,4
gen4_219,4
gen4_220,4
gen4_227,4
gen4_231,4
gen4_237,4
gen4_238,4
gen4_243,4
gen4_244,4
gen4_260,4
gen4_261,4
gen4_268,4
gen4_271,4
gen4_275,4
gen4_276,4
gen4_280,4
gen4_282,4
gen4_286,4
gen4_292,4
gen4_295,4
gen4_297,4
gen4_298,4
gen4_303,4
gen4_304,4
gen4_305,4
gen4_316,4
gen4_317,4
gen4_318,4
gen4_322,4
gen4_330,4
gen4_332,4
gen4_335,4
gen4_338,4
gen4_341,4
gen4_343,4
gen4_345,4
gen4_347,4
gen4_349,4
gen4_350,4
gen4_361,4
gen4_364,4
gen4_368,4
gen4_369,4
gen4_372,4
gen4_378,4
gen4_391,4
gen4_393,4
gen4_402,4
gen4_403,4
gen4_406,4
gen4_422,4
gen4_424,4
gen4_426,4
gen4_434,4
gen4_440,4
gen4_461,4
gen4_471,4
gen4_472,4
gen4_477,4
gen4_479,4
gen4_485,4
gen4_497,4
gen4_508,4
gen4_514,4
gen4_516,4
gen4_517,4
gen4_527,4
gen4_531,4
gen4_560,4
gen4_566,4
gen4_567,4
gen4_575,4
gen4_578,4
gen4_580,4
gen4_593,4
gen4_596,4
gen4_599,4
gen4_602,4
gen4_605,4
gen4_612,4
gen4_622,4
gen4_632,4
gen4_633,4
gen4_636,4
gen4_645,4
gen4_646,4
gen4_672,4
gen4_676,4
gen4_691,4
gen4_702,4
gen4_712,4
gen4_719,4
gen4_731,4
gen4_732,4
gen4_741,4
gen4_763,4
gen4_765,4
gen4_770,4
gen4_773,4
gen4_784,4
gen4_785,4
gen4_789,4
gen4_794,4
gen4_804,4
gen4_823,4
gen4_829,4
gen4_836,4
gen4_845,4
gen4_865,4
gen4_866,4
gen4_871,4
gen4_875,4
gen4_876,4
gen4_878,4
gen4_911,4
gen4_914,4
gen4_920,4
gen4_921,4
gen4_934,4
gen4_936,4
gen4_941,4
gen4_969,4
gen4_976,4
gen4_997,4
gen4_998,4
gen4_999,4
gen4_1000,4
gen4_1002,4
gen4_1013,4
gen4_1014,4
gen4_1018,4
gen4_1020,4
gen4_1021,4
gen4_1039,4
gen4_1042,4
gen4_1045,4
gen4_1047,4
gen4_1060,4
gen4_1063,4
gen4_1064,4
gen4_1065,4
gen4_1079,4
gen4_1085,4
gen4_1097,4
gen4_1104,4
gen4_1105,4
gen4_1106,4
gen4_1110,4
gen4_1111,4
gen4_1121,4
gen4_1124,4
gen4_1132,4
gen4_1152,4
gen4_1160,4
gen4_1165,4
gen4_1166,4
gen4_1174,4
gen4_1175,4
gen4_1181,4
gen4_1185,4
gen4_1187,4
gen4_1190,4
gen4_1192,4
gen4_1194,4
gen4_1195,4
gen4_1196,4
gen4_1208,4
gen4_1213,4
gen4_1216,4
gen4_1221,4
gen4_1230,4
gen4_1238,4
gen4_1239,4
gen4_1243,4
gen4_1248,4
gen4_1265,4
gen4_1270,4
gen4_1275,4
gen4_1277,4
gen4_1281,4
gen4_1284,4
gen4_1291,4
gen4_1297,4
gen4_1302,4
gen4_1304,4
gen4_1307,4
gen4_1313,4
gen4_1315,4
gen4_1318,4
gen4_1322,4
gen4_1327,4
gen4_1330,4
gen4_1333,4
gen4_1336,4
gen4_1342,4
gen4_1349,4
gen4_1354,4
gen4_1360,4
gen4_1361,4
gen4_1368,4
gen4_1370,4
gen4_1376,4
gen4_1380,4
gen4_1387,4
gen4_1390,4
gen4_1421,4
gen4_1439,4
gen4_1440,4
gen4_1444,4
gen4_1447,4
gen4_1450,4
gen4_1460,4
gen4_1466,4
gen4_1472,4
gen4_1489,4
gen4_1496,4
gen4_1507,4
gen4_1508,4
gen4_1512,4
gen4_1513,4
gen4_1522,4
gen4_1526,4
gen4_1528,4
gen4_1530,4
gen4_1531,4
gen4_1536,4
gen4_1538,4
gen4_1543,4
gen4_1547,4
gen4_1548,4
gen4_1555,4
gen4_1560,4
gen4_1562,4
gen4_1567,4
gen4_1572,4
gen4_1573,4
gen4_1585,4
gen4_1613,4
gen4_1619,4
gen4_1620,4
gen4_1622,4
gen4_1628,4
gen4_1630,4
gen4_1631,4
gen4_1633,4
gen4_1634,4
gen4_1653,4
gen4_1657,4
gen4_1663,4
gen4_1664,4
gen4_1666,4
gen4_1669,4
gen4_1671,4
gen4_1672,4
gen4_1679,4
gen4_1682,4
gen4_1688,4
gen4_1699,4
gen4_1714,4
gen4_1716,4
gen4_1726,4
gen4_1728,4
gen4_1732,4
gen4_1739,4
gen4_1743,4
gen4_1749,4
gen4_1764,4
gen4_1765,4
gen4_1766,4
gen4_1772,4
gen4_1774,4
gen4_1778,4
gen4_1783,4
gen4_1786,4
gen4_1791,4
gen4_1795,4
gen4_1799,4
gen4_1800,4
gen4_1811,4
gen4_1818,4
gen4_1832,4
gen4_1836,4
gen4_1838,4
gen4_1840,4
gen4_1843,4
gen4_1852,4
gen4_1854,4
gen4_1860,4
gen4_1862,4
gen4_1863,4
gen4_1867,4
gen4_1877,4
gen4_1878,4
gen4_1879,4
gen4_1882,4
gen4_1885,4
gen4_1890,4
gen4_1900,4
gen4_1902,4
gen4_1903,4
gen4_1905,4
gen4_1923,4
gen4_1924,4
gen4_1936,4
gen4_1953,4
gen4_1971,4
gen4_1976,4
gen4_1979,4
gen4_1984,4
gen4_1985,4
gen4_1996,4
gen4_1998,4
gen4_2013,4
gen4_2027,4
gen4_2028,4
gen4_2029,4
gen4_2033,4
gen4_2034,4
gen4_2044,4
gen4_2045,4
gen4_2053,4
gen4_2054,4
gen4_2061,4
gen4_2062,4
gen4_2063,4
gen4_2068,4
gen4_2070,4
gen4_2072,4
gen4_2073,4
gen4_2076,4
gen4_2080,4
gen4_2086,4
gen4_2089,4
gen4_2090,4
gen4_2093,4
gen4_2097,4
gen4_2098,4
gen4_2107,4
gen4_2109,4
gen4_2123,4
gen4_2148,4
gen4_2160,4
gen4_2163,4
gen4_2165,4
gen4_2174,4
gen4_2180,4
gen4_2189,4
gen4_2193,4
gen4_2205,4
gen4_2209,4
gen4_2211,4
gen4_2222,4
gen4_2223,4
gen4_2226,4
gen4_2236,4
gen4_2244,4
gen4_2263,4
gen4_2268,4
gen4_2272,4
gen4_2279,4
gen4_2286,4
gen4_2289,4
gen4_2304,4
gen4_2310,4
gen4_2311,4
gen4_2315,4
gen4_2322,4
gen4_2325,4
gen4_2326,4
gen4_2329,4
gen4_2340,4
gen4_2344,4
gen4_2348,4
gen4_2367,4
gen4_2368,4
gen4_2380,4
gen4_2386,4
gen4_2387,4
gen4_2392,4
gen4_2399,4
gen4_2411,4
gen4_2418,4
gen4_2429,4
gen4_2430,4
gen4_2433,4
gen4_2442,4
gen4_2443,4
gen4_2449,4
gen4_2489,4
gen4_2490,4
gen4_2492,4
gen4_2499,4
gen4_2506,4
gen4_2511,4
gen4_2521,4
gen4_2525,4
gen4_2533,4
gen4_2540,4
gen4_2548,4
gen4_2551,4
gen4_2552,4
gen4_2554,4
gen4_2561,4
gen4_2562,4
gen4_2567,4
gen4_2568,4
gen4_2577,4
gen4_2584,4
gen4_2586,4
gen4_2588,4
gen4_2599,4
gen4_2603,4
gen4_2606,4
gen4_2621,4
gen4_2623,4
gen4_2626,4
gen4_2630,4
gen4_2632,4
gen4_2635,4
gen4_2646,4
gen4_2647,4
gen4_2650,4
gen4_2655,4
gen4_2661,4
gen4_2665,4
gen4_2673,4
gen4_2676,4
gen4_2678,4
gen4_2683,4
gen4_2687,4
gen4_2706,4
gen4_2707,4
gen4_2728,4
gen4_2729,4
gen4_2730,4
gen4_2731,4
gen4_2734,4
gen4_2736,4
gen4_2746,4
gen4_2763,4
gen4_2769,4
gen4_2781,4
gen4_2782,4
gen4_2784,4
gen4_2796,4
gen4_2802,4
gen4_2808,4
gen4_2809,4
gen4_2813,4
gen4_2821,4
gen4_2823,4
gen4_2826,4
gen4_2828,4
gen4_2833,4
gen4_2836,4
gen4_2839,4
gen4_2849,4
gen4_2855,4
gen4_2862,4
gen4_2870,4
gen4_2873,4
gen4_2879,4
gen4_2883,4
gen4_2890,4
gen4_2894,4
gen4_2897,4
gen4_2905,4
gen4_2917,4
gen4_2927,4
gen4_2928,4
gen4_2944,4
gen4_2946,4
gen4_2949,4
gen4_2962,4
gen4_2964,4
gen4_2984,4
gen4_2988,4
gen4_2995,4
gen4_2996,4
gen4_2999,4
gen4_3000,4
gen5_4,5
gen5_15,5
gen5_55,5
gen5_80,5
gen5_99,5
gen5_111,5
gen5_122,5
gen5_189,5
gen5_239,5
gen5_241,5
gen5_248,5
gen5_249,5
gen5_250,5
gen5_261,5
gen5_266,5
gen5_281,5
gen5_285,5
gen5_287,5
gen5_290,5
gen5_306,5
gen5_308,5
gen5_325,5
gen5_327,5
gen5_331,5
gen5_332,5
gen5_351,5
gen5_352,5
gen5_362,5
gen5_372,5
gen5_375,5
gen5_377,5
gen5_395,5
gen5_412,5
gen5_418,5
gen5_431,5
gen5_433,5
gen5_434,5
gen5_439,5
gen5_440,5
gen5_444,5
gen5_449,5
gen5_452,5
gen5_457,5
gen5_468,5
gen5_473,5
gen5_476,5
gen5_478,5
gen5_501,5
gen5_519,5
gen5_528,5
gen5_539,5
gen5_556,5
gen5_569,5
gen5_570,5
gen5_575,5
gen5_579,5
gen5_585,5
gen5_605,5
gen5_609,5
gen5_619,5
gen5_631,5
gen5_640,5
gen5_664,5
gen5_673,5
gen5_676,5
gen5_677,5
gen5_683,5
gen5_688,5
gen5_704,5
gen5_717,5
gen5_728,5
gen5_751,5
gen5_769,5
gen5_778,5
gen5_790,5
gen5_792,5
gen5_795,5
gen5_802,5
gen5_803,5
gen5_805,5
gen5_819,5
gen5_834,5
gen5_844,5
gen5_853,5
gen5_855,5
gen5_857,5
gen5_866,5
gen5_878,5
gen5_885,5
gen5_891,5
gen5_899,5
gen5_910,5
gen5_915,5
gen5_916,5
gen5_927,5
gen5_951,5
gen5_983,5
gen5_997,5
gen5_1024,5
gen5_1037,5
gen5_1050,5
gen5_1065,5
gen5_1076,5
gen5_1078,5
gen5_1108,5
gen5_1117,5
gen5_1122,5
gen5_1126,5
gen5_1137,5
gen5_1170,5
gen5_1192,5
gen5_1195,5
gen5_1205,5
gen5_1206,5
gen5_1210,5
gen5_1232,5
gen5_1237,5
gen5_1255,5
gen5_1273,5
gen5_1303,5
gen5_1317,5
gen5_1326,5
gen5_1327,5
gen5_1330,5
gen5_1340,5
gen5_1344,5
gen5_1387,5
gen5_1424,5
gen5_1439,5
gen5_1443,5
gen5_1449,5
gen5_1453,5
gen5_1470,5
gen5_1495,5
gen5_1496,5
gen5_1519,5
gen5_1521,5
gen5_1523,5
gen5_1528,5
gen5_1537,5
gen5_1539,5
gen5_1546,5
gen5_1557,5
gen5_1560,5
gen5_1575,5
gen5_1577,5
gen5_1578,5
gen5_1584,5
gen5_1592,5
gen5_1599,5
gen5_1611,5
gen5_1615,5
gen5_1618,5
gen5_1624,5
gen5_1626,5
gen5_1633,5
gen5_1643,5
gen5_1658,5
gen5_1664,5
gen5_1673,5
gen5_1678,5
gen5_1681,5
gen5_1683,5
gen5_1685,5
gen5_1686,5
gen5_1692,5
gen5_1693,5
gen5_1707,5
gen5_1722,5
gen5_1724,5
gen5_1742,5
gen5_1750,5
gen5_1753,5
gen5_1756,5
gen5_1806,5
gen5_1809,5
gen5_1811,5
gen5_1813,5
gen5_1823,5
gen5_1824,5
gen5_1845,5
gen5_1848,5
gen5_1881,5
gen5_1889,5
gen5_1895,5
gen5_1931,5
gen5_1942,5
gen5_1951,5
gen5_1965,5
gen5_1970,5
gen5_1973,5
gen5_1997,5
gen5_2002,5
gen5_2004,5
gen5_2015,5
gen5_2019,5
gen5_2021,5
gen5_2036,5
gen5_2042,5
gen5_2052,5
gen5_2078,5
gen5_2111,5
gen5_2137,5
gen5_2145,5
gen5_2156,5
gen5_2165,5
gen5_2179,5
gen5_2194,5
gen5_2202,5
gen5_2239,5
gen5_2260,5
gen5_2277,5
gen5_2278,5
gen5_2284,5
gen5_2285,5
gen5_2295,5
gen5_2297,5
gen5_2302,5
gen5_2313,5
gen5_2324,5
gen5_2326,5
gen5_2342,5
gen5_2344,5
gen5_2352,5
gen5_2355,5
gen5_2367,5
gen5_2380,5
gen5_2397,5
gen5_2409,5
gen5_2416,5
gen5_2433,5
gen5_2453,5
gen5_2458,5
gen5_2471,5
gen5_2474,5
gen5_2494,5
gen5_2497,5
gen5_2499,5
gen5_2518,5
gen5_2519,5
gen5_2530,5
gen5_2531,5
gen5_2532,5
gen5_2534,5
gen5_2538,5
gen5_2549,5
gen5_2559,5
gen5_2560,5
gen5_2561,5
gen5_2570,5
gen5_2579,5
gen5_2589,5
gen5_2624,5
gen5_2635,5
gen5_2642,5
gen5_2663,5
gen5_2665,5
gen5_2674,5
gen5_2682,5
gen5_2706,5
gen5_2707,5
gen5_2714,5
gen5_2719,5
gen5_2722,5
gen5_2734,5
gen5_2740,5
gen5_2750,5
gen5_2752,5
gen5_2755,5
gen5_2757,5
gen5_2764,5
gen5_2780,5
gen5_2781,5
gen5_2790,5
gen5_2797,5
gen5_2810,5
gen5_2812,5
gen5_2817,5
gen5_2823,5
gen5_2862,5
gen5_2905,5
gen5_2926,5
gen5_2939,5
gen5_2947,5
gen5_2950,5
gen5_2953,5
gen5_2961,5
gen5_2965,5
gen5_2971,5
gen5_2975,5
gen5_2985,5
gen5_2997,5
gen6_3,6
gen6_6,6
gen6_8,6
gen6_10,6
gen6_14,6
gen6_16,6
gen6_27,6
gen6_32,6
gen6_41,6
gen6_42,6
gen6_44,6
gen6_49,6
gen6_52,6
gen6_57,6
gen6_58,6
gen6_63,6
gen6_69,6
gen6_71,6
gen6_74,6
gen6_75,6
gen6_77,6
gen6_82,6
gen6_86,6
gen6_93,6
gen6_95,6
gen6_98,6
gen6_99,6
gen6_104,6
gen6_106,6
gen6_118,6
gen6_119,6
gen6_120,6
gen6_130,6
gen6_138,6
gen6_139,6
gen6_140,6
gen6_141,6
gen6_142,6
gen6_143,6
gen6_149,6
gen6_150,6
gen6_153,6
gen6_155,6
gen6_157,6
gen6_160,6
gen6_164,6
gen6_175,6
gen6_176,6
gen6_179,6
gen6_180,6
gen6_181,6
gen6_186,6
gen6_189,6
gen6_191,6
gen6_192,6
gen6_200,6
gen6_204,6
gen6_205,6
gen6_207,6
gen6_213,6
gen6_214,6
gen6_215,6
gen6_226,6
gen6_229,6
gen6_242,6
gen6_243,6
gen6_245,6
gen6_250,6
gen6_251,6
gen6_252,6
gen6_257,6
gen6_259,6
gen6_261,6
gen6_262,6
gen6_263,6
gen6_268,6
gen6_270,6
gen6_277,6
gen6_286,6
gen6_288,6
gen6_291,6
gen6_295,6
gen6_297,6
gen6_302,6
gen6_305,6
gen6_310,6
gen6_311,6
gen6_325,6
gen6_331,6
gen6_333,6
gen6_339,6
gen6_340,6
gen6_346,6
gen6_357,6
gen6_365,6
gen6_369,6
gen6_370,6
gen6_372,6
gen6_373,6
gen6_374,6
gen6_377,6
gen6_378,6
gen6_379,6
gen6_381,6
gen6_384,6
gen6_385,6
gen6_387,6
gen6_388,6
gen6_389,6
gen6_393,6
gen6_394,6
gen6_396,6
gen6_402,6
gen6_406,6
gen6_409,6
gen6_410,6
gen6_417,6
gen6_418,6
gen6_421,6
gen6_423,6
gen6_435,6
gen6_436,6
gen6_440,6
gen6_451,6
gen6_455,6
gen6_461,6
gen6_467,6
gen6_474,6
gen6_484,6
gen6_487,6
gen6_491,6
gen6_494,6
gen6_501,6
gen6_502,6
gen6_509,6
gen6_511,6
gen6_512,6
gen6_517,6
gen6_519,6
gen6_525,6
gen6_528,6
gen6_535,6
gen6_537,6
gen6_538,6
gen6_541,6
gen6_543,6
gen6_545,6
gen6_547,6
gen6_548,6
gen6_552,6
gen6_565,6
gen6_566,6
gen6_569,6
gen6_573,6
gen6_575,6
gen6_577,6
gen6_578,6
gen6_581,6
gen6_587,6
gen6_588,6
gen6_591,6
gen6_594,6
gen6_603,6
gen6_605,6
gen6_606,6
gen6_621,6
gen6_624,6
gen6_627,6
gen6_629,6
gen6_639,6
gen6_643,6
gen6_647,6
gen6_650,6
gen6_666,6
gen6_674,6
gen6_675,6
gen6_677,6
gen6_681,6
gen6_683,6
gen6_685,6
gen6_694,6
gen6_699,6
gen6_711,6
gen6_715,6
gen6_717,6
gen6_720,6
gen6_724,6
gen6_728,6
gen6_733,6
gen6_741,6
gen6_742,6
gen6_746,6
gen6_758,6
gen6_763,6
gen6_764,6
gen6_772,6
gen6_773,6
gen6_776,6
gen6_782,6
gen6_783,6
gen6_784,6
gen6_787,6
gen6_797,6
gen6_800,6
gen6_804,6
gen6_805,6
gen6_814,6
gen6_825,6
gen6_829,6
gen6_830,6
gen6_840,6
gen6_842,6
gen6_845,6
gen6_853,6
gen6_855,6
gen6_858,6
gen6_859,6
gen6_860,6
gen6_864,6
gen6_865,6
gen6_871,6
gen6_872,6
gen6_886,6
gen6_888,6
gen6_889,6
gen6_890,6
gen6_897,6
gen6_903,6
gen6_904,6
gen6_905,6
gen6_906,6
gen6_908,6
gen6_909,6
gen6_912,6
gen6_915,6
gen6_917,6
gen6_919,6
gen6_920,6
gen6_926,6
gen6_927,6
gen6_929,6
gen6_931,6
gen6_932,6
gen6_933,6
gen6_943,6
gen6_946,6
gen6_948,6
gen6_954,6
gen6_955,6
gen6_962,6
gen6_963,6
gen6_968,6
gen6_973,6
gen6_975,6
gen6_976,6
gen6_979,6
gen6_980,6
gen6_981,6
gen6_983,6
gen6_988,6
gen6_994,6
gen6_995,6
gen6_1004,6
gen6_1005,6
gen6_1011,6
gen6_1016,6
gen6_1017,6
gen6_1023,6
gen6_1027,6
gen6_1031,6
gen6_1032,6
gen6_1039,6
gen6_1040,6
gen6_1042,6
gen6_1054,6
gen6_1055,6
gen6_1061,6
gen6_1062,6
gen6_1070,6
gen6_1072,6
gen6_1073,6
gen6_1074,6
gen6_1075,6
gen6_1076,6
gen6_1078,6
gen6_1080,6
gen6_1082,6
gen6_1083,6
gen6_1086,6
gen6_1087,6
gen6_1089,6
gen6_1095,6
gen6_1105,6
gen6_1108,6
gen6_1110,6
gen6_1111,6
gen6_1129,6
gen6_1131,6
gen6_1134,6
gen6_1135,6
gen6_1137,6
gen6_1138,6
gen6_1140,6
gen6_1141,6
gen6_1142,6
gen6_1145,6
gen6_1150,6
gen6_1153,6
gen6_1154,6
gen6_1155,6
gen6_1156,6
gen6_1159,6
gen6_1161,6
gen6_1164,6
gen6_1167,6
gen6_1168,6
gen6_1175,6
gen6_1184,6
gen6_1185,6
gen6_1192,6
gen6_1194,6
gen6_1196,6
gen6_1198,6
gen6_1208,6
gen6_1212,6
gen6_1218,6
gen6_1219,6
gen6_1221,6
gen6_1225,6
gen6_1226,6
gen6_1233,6
gen6_1242,6
gen6_1255,6
gen6_1256,6
gen6_1261,6
gen6_1266,6
gen6_1268,6
gen6_1273,6
gen6_1275,6
gen6_1276,6
gen6_1279,6
gen6_1280,6
gen6_1286,6
gen6_1288,6
gen6_1289,6
gen6_1290,6
gen6_1293,6
gen6_1295,6
gen6_1300,6
gen6_1307,6
gen6_1312,6
gen6_1313,6
gen6_1315,6
gen6_1316,6
gen6_1318,6
gen6_1320,6
gen6_1321,6
gen6_1326,6
gen6_1329,6
gen6_1335,6
gen6_1336,6
gen6_1337,6
gen6_1338,6
gen6_1341,6
gen6_1343,6
gen6_1346,6
gen6_1352,6
gen6_1356,6
gen6_1359,6
gen6_1360,6
gen6_1362,6
gen6_1370,6
gen6_1373,6
gen6_1379,6
gen6_1387,6
gen6_1390,6
gen6_1392,6
gen6_1396,6
gen6_1398,6
gen6_1400,6
gen6_1403,6
gen6_1404,6
gen6_1407,6
gen6_1411,6
gen6_1413,6
gen6_1415,6
gen6_1418,6
gen6_1421,6
gen6_1424,6
gen6_1426,6
gen6_1431,6
gen6_1436,6
gen6_1439,6
gen6_1440,6
gen6_1441,6
gen6_1444,6
gen6_1447,6
gen6_1453,6
gen6_1465,6
gen6_1479,6
gen6_1480,6
gen6_1481,6
gen6_1482,6
gen6_1483,6
gen6_1486,6
gen6_1488,6
gen6_1491,6
gen6_1492,6
gen6_1493,6
gen6_1494,6
gen6_1504,6
gen6_1505,6
gen6_1507,6
gen6_1514,6
gen6_1517,6
gen6_1526,6
gen6_1527,6
gen6_1528,6
gen6_1529,6
gen6_1530,6
gen6_1535,6
gen6_1537,6
gen6_1542,6
gen6_1543,6
gen6_1545,6
gen6_1549,6
gen6_1552,6
gen6_1559,6
gen6_1560,6
gen6_1569,6
gen6_1572,6
gen6_1573,6
gen6_1576,6
gen6_1583,6
gen6_1586,6
gen6_1592,6
gen6_1595,6
gen6_1597,6
gen6_1601,6
gen6_1602,6
gen6_1608,6
gen6_1611,6
gen6_1612,6
gen6_1615,6
gen6_1617,6
gen6_1618,6
gen6_1619,6
gen6_1620,6
gen6_1622,6
gen6_1626,6
gen6_1627,6
gen6_1628,6
gen6_1630,6
gen6_1632,6
gen6_1633,6
gen6_1634,6
gen6_1636,6
gen6_1639,6
gen6_1653,6
gen6_1656,6
gen6_1658,6
gen6_1659,6
gen6_1660,6
gen6_1666,6
gen6_1670,6
gen6_1674,6
gen6_1675,6
gen6_1676,6
gen6_1682,6
gen6_1687,6
gen6_1688,6
gen6_1691,6
gen6_1692,6
gen6_1693,6
gen6_1697,6
gen6_1701,6
gen6_1705,6
gen6_1709,6
gen6_1713,6
gen6_1714,6
gen6_1716,6
gen6_1718,6
gen6_1723,6
gen6_1725,6
gen6_1732,6
gen6_1735,6
gen6_1743,6
gen6_1744,6
gen6_1753,6
gen6_1764,6
gen6_1765,6
gen6_1768,6
gen6_1769,6
gen6_1772,6
gen6_1773,6
gen6_1775,6
gen6_1776,6
gen6_1777,6
gen6_1781,6
gen6_1791,6
gen6_1800,6
gen6_1801,6
gen6_1803,6
gen6_1804,6
gen6_1805,6
gen6_1807,6
gen6_1809,6
gen6_1816,6
gen6_1819,6
gen6_1827,6
gen6_1828,6
gen6_1830,6
gen6_1846,6
gen6_1847,6
gen6_1853,6
gen6_1864,6
gen6_1868,6
gen6_1876,6
gen6_1882,6
gen6_1886,6
gen6_1887,6
gen6_1889,6
gen6_1899,6
gen6_1900,6
gen6_1902,6
gen6_1903,6
gen6_1906,6
gen6_1908,6
gen6_1913,6
gen6_1915,6
gen6_1925,6
gen6_1927,6
gen6_1928,6
gen6_1931,6
gen6_1936,6
gen6_1938,6
gen6_1944,6
gen6_1947,6
gen6_1949,6
gen6_1951,6
gen6_1953,6
gen6_1954,6
gen6_1961,6
gen6_1971,6
gen6_1980,6
gen6_1987,6
gen6_1989,6
gen6_1995,6
gen6_1997,6
gen6_2002,6
gen6_2007,6
gen6_2010,6
gen6_2014,6
gen6_2025,6
gen6_2030,6
gen6_2037,6
gen6_2040,6
gen6_2041,6
gen6_2046,6
gen6_2047,6
gen6_2048,6
gen6_2049,6
gen6_2050,6
gen6_2055,6
gen6_2058,6
gen6_2059,6
gen6_2060,6
gen6_2062,6
gen6_2067,6
gen6_2068,6
gen6_2069,6
gen6_2071,6
gen6_2074,6
gen6_2075,6
gen6_2080,6
gen6_2088,6
gen6_2093,6
gen6_2095,6
gen6_2098,6
gen6_2099,6
gen6_2101,6
gen6_2104,6
gen6_2105,6
gen6_2107,6
gen6_2110,6
gen6_2115,6
gen6_2116,6
gen6_2119,6
gen6_2126,6
gen6_2130,6
gen6_2131,6
gen6_2136,6
gen6_2140,6
gen6_2144,6
gen6_2145,6
gen6_2152,6
gen6_2153,6
gen6_2156,6
gen6_2157,6
gen6_2159,6
gen6_2160,6
gen6_2166,6
gen6_2168,6
gen6_2170,6
gen6_2171,6
gen6_2173,6
gen6_2175,6
gen6_2181,6
gen6_2182,6
gen6_2183,6
gen6_2184,6
gen6_2185,6
gen6_2190,6
gen6_2196,6
gen6_2197,6
gen6_2200,6
gen6_2218,6
gen6_2219,6
gen6_2222,6
gen6_2224,6
gen6_2226,6
gen6_2229,6
gen6_2232,6
gen6_2234,6
gen6_2236,6
gen6_2237,6
gen6_2244,6
gen6_2246,6
gen6_2249,6
gen6_2252,6
gen6_2254,6
gen6_2256,6
gen6_2258,6
gen6_2269,6
gen6_2270,6
gen6_2271,6
gen6_2274,6
gen6_2275,6
gen6_2282,6
gen6_2292,6
gen6_2293,6
gen6_2295,6
gen6_2299,6
gen6_2303,6
gen6_2308,6
gen6_2309,6
gen6_2310,6
gen6_2312,6
gen6_2314,6
gen6_2318,6
gen6_2327,6
gen6_2329,6
gen6_2335,6
gen6_2337,6
gen6_2338,6
gen6_2341,6
gen6_2342,6
gen6_2343,6
gen6_2348,6
gen6_2352,6
gen6_2355,6
gen6_2359,6
gen6_2361,6
gen6_2363,6
gen6_2366,6
gen6_2371,6
gen6_2372,6
gen6_2382,6
gen6_2383,6
gen6_2388,6
gen6_2391,6
gen6_2396,6
gen6_2401,6
gen6_2402,6
gen6_2406,6
gen6_2408,6
gen6_2411,6
gen6_2416,6
gen6_2417,6
gen6_2420,6
gen6_2423,6
gen6_2425,6
gen6_2426,6
gen6_2427,6
gen6_2435,6
gen6_2437,6
gen6_2441,6
gen6_2443,6
gen6_2446,6
gen6_2450,6
gen6_2451,6
gen6_2454,6
gen6_2463,6
gen6_2464,6
gen6_2474,6
gen6_2476,6
gen6_2477,6
gen6_2478,6
gen6_2480,6
gen6_2481,6
gen6_2484,6
gen6_2485,6
gen6_2491,6
gen6_2492,6
gen6_2498,6
gen6_2500,6
gen6_2509,6
gen6_2510,6
gen6_2512,6
gen6_2514,6
gen6_2516,6
gen6_2521,6
gen6_2533,6
gen6_2535,6
gen6_2542,6
gen6_2545,6
gen6_2549,6
gen6_2550,6
gen6_2552,6
gen6_2553,6
gen6_2557,6
gen6_2559,6
gen6_2563,6
gen6_2565,6
gen6_2567,6
gen6_2570,6
gen6_2572,6
gen6_2575,6
gen6_2578,6
gen6_2580,6
gen6_2582,6
gen6_2583,6
gen6_2584,6
gen6_2592,6
gen6_2594,6
gen6_2596,6
gen6_2598,6
gen6_2603,6
gen6_2611,6
gen6_2613,6
gen6_2614,6
gen6_2617,6
gen6_2621,6
gen6_2624,6
gen6_2626,6
gen6_2629,6
gen6_2631,6
gen6_2633,6
gen6_2635,6
gen6_2637,6
gen6_2638,6
gen6_2642,6
gen6_2646,6
gen6_2650,6
gen6_2651,6
gen6_2652,6
gen6_2657,6
gen6_2667,6
gen6_2668,6
gen6_2671,6
gen6_2677,6
gen6_2678,6
gen6_2681,6
gen6_2682,6
gen6_2690,6
gen6_2691,6
gen6_2692,6
gen6_2693,6
gen6_2697,6
gen6_2704,6
gen6_2708,6
gen6_2710,6
gen6_2712,6
gen6_2717,6
gen6_2718,6
gen6_2719,6
gen6_2724,6
gen6_2726,6
gen6_2728,6
gen6_2732,6
gen6_2736,6
gen6_2742,6
gen6_2746,6
gen6_2751,6
gen6_2753,6
gen6_2754,6
gen6_2755,6
gen6_2757,6
gen6_2759,6
gen6_2763,6
gen6_2769,6
gen6_2770,6
gen6_2772,6
gen6_2778,6
gen6_2779,6
gen6_2785,6
gen6_2787,6
gen6_2793,6
gen6_2810,6
gen6_2813,6
gen6_2823,6
gen6_2833,6
gen6_2836,6
gen6_2846,6
gen6_2848,6
gen6_2850,6
gen6_2852,6
gen6_2854,6
gen6_2855,6
gen6_2858,6
gen6_2862,6
gen6_2864,6
gen6_2873,6
gen6_2884,6
gen6_2887,6
gen6_2890,6
gen6_2901,6
gen6_2903,6
gen6_2906,6
gen6_2918,6
gen6_2919,6
gen6_2922,6
gen6_2925,6
gen6_2934,6
gen6_2939,6
gen6_2941,6
gen6_2944,6
gen6_2946,6
gen6_2953,6
gen6_2958,6
gen6_2961,6
gen6_2963,6
gen6_2965,6
gen6_2966,6
gen6_2967,6
gen6_2968,6
gen6_2975,6
gen6_2977,6
gen6_2978,6
gen6_2981,6
gen6_2983,6
gen6_2986,6
gen6_2989,6
gen6_2992,6
gen6_2993,6
gen6_2995,6
gen6_2999,6
gen7_2,7
gen7_3,7
gen7_6,7
gen7_9,7
gen7_11,7
gen7_13,7
gen7_19,7
gen7_20,7
gen7_21,7
gen7_22,7
gen7_25,7
gen7_27,7
gen7_32,7
gen7_38,7
gen7_40,7
gen7_44,7
gen7_45,7
gen7_46,7
gen7_54,7
gen7_56,7
gen7_58,7
gen7_61,7
gen7_62,7
gen7_63,7
gen7_66,7
gen7_73,7
gen7_90,7
gen7_91,7
gen7_97,7
gen7_99,7
gen7_101,7
gen7_103,7
gen7_117,7
gen7_128,7
gen7_132,7
gen7_137,7
gen7_141,7
gen7_144,7
gen7_153,7
gen7_154,7
gen7_155,7
gen7_159,7
gen7_160,7
gen7_166,7
gen7_173,7
gen7_174,7
gen7_176,7
gen7_178,7
gen7_181,7
gen7_185,7
gen7_186,7
gen7_188,7
gen7_191,7
gen7_192,7
gen7_195,7
gen7_197,7
gen7_199,7
gen7_204,7
gen7_206,7
gen7_209,7
gen7_210,7
gen7_229,7
gen7_233,7
gen7_235,7
gen7_237,7
gen7_244,7
gen7_247,7
gen7_248,7
gen7_251,7
gen7_259,7
gen7_267,7
gen7_271,7
gen7_274,7
gen7_293,7
gen7_297,7
gen7_298,7
gen7_299,7
gen7_303,7
gen7_316,7
gen7_322,7
gen7_328,7
gen7_329,7
gen7_338,7
gen7_341,7
gen7_345,7
gen7_355,7
gen7_356,7
gen7_358,7
gen7_367,7
gen7_371,7
gen7_376,7
gen7_385,7
gen7_386,7
gen7_390,7
gen7_395,7
gen7_397,7
gen7_400,7
gen7_403,7
gen7_404,7
gen7_406,7
gen7_409,7
gen7_424,7
gen7_429,7
gen7_430,7
gen7_432,7
gen7_437,7
gen7_438,7
gen7_441,7
gen7_442,7
gen7_443,7
gen7_445,7
gen7_446,7
gen7_449,7
gen7_478,7
gen7_481,7
gen7_490,7
gen7_493,7
gen7_494,7
gen7_495,7
gen7_498,7
gen7_499,7
gen7_502,7
gen7_506,7
gen7_509,7
gen7_514,7
gen7_516,7
gen7_517,7
gen7_518,7
gen7_520,7
gen7_521,7
gen7_524,7
gen7_527,7
gen7_535,7
gen7_537,7
gen7_541,7
gen7_542,7
gen7_548,7
gen7_549,7
gen7_552,7
gen7_554,7
gen7_556,7
gen7_576,7
gen7_580,7
gen7_587,7
gen7_591,7
gen7_593,7
gen7_595,7
gen7_596,7
gen7_602,7
gen7_616,7
gen7_623,7
gen7_626,7
gen7_634,7
gen7_636,7
gen7_650,7
gen7_654,7
gen7_656,7
gen7_661,7
gen7_667,7
gen7_674,7
gen7_681,7
gen7_682,7
gen7_684,7
gen7_685,7
gen7_688,7
gen7_694,7
gen7_701,7
gen7_707,7
gen7_713,7
gen7_717,7
gen7_728,7
gen7_735,7
gen7_742,7
gen7_743,7
gen7_751,7
gen7_752,7
gen7_761,7
gen7_764,7
gen7_765,7
gen7_767,7
gen7_768,7
gen7_769,7
gen7_773,7
gen7_777,7
gen7_778,7
gen7_780,7
gen7_787,7
gen7_790,7
gen7_795,7
gen7_804,7
gen7_807,7
gen7_814,7
gen7_823,7
gen7_825,7
gen7_828,7
gen7_831,7
gen7_832,7
gen7_841,7
gen7_844,7
gen7_851,7
gen7_852,7
gen7_853,7
gen7_861,7
gen7_865,7
gen7_869,7
gen7_876,7
gen7_879,7
gen7_881,7
gen7_885,7
gen7_886,7
gen7_889,7
gen7_895,7
gen7_898,7
gen7_908,7
gen7_915,7
gen7_919,7
gen7_923,7
gen7_925,7
gen7_927,7
gen7_929,7
gen7_942,7
gen7_943,7
gen7_945,7
gen7_947,7
gen7_948,7
gen7_951,7
gen7_954,7
gen7_955,7
gen7_956,7
gen7_962,7
gen7_974,7
gen7_975,7
gen7_979,7
gen7_982,7
gen7_985,7
gen7_987,7
gen7_994,7
gen7_996,7
gen7_998,7
gen7_1002,7
gen7_1004,7
gen7_1007,7
gen7_1012,7
gen7_1015,7
gen7_1022,7
gen7_1024,7
gen7_1026,7
gen7_1027,7
gen7_1030,7
gen7_1031,7
gen7_1032,7
gen7_1038,7
gen7_1039,7
gen7_1045,7
gen7_1050,7
gen7_1051,7
gen7_1052,7
gen7_1061,7
gen7_1070,7
gen7_1073,7
gen7_1074,7
gen7_1076,7
gen7_1081,7
gen7_1089,7
gen7_1092,7
gen7_1106,7
gen7_1108,7
gen7_1109,7
gen7_1111,7
gen7_1115,7
gen7_1117,7
gen7_1123,7
gen7_1127,7
gen7_1128,7
gen7_1129,7
gen7_1133,7
gen7_1134,7
gen7_1135,7
gen7_1143,7
gen7_1147,7
gen7_1149,7
gen7_1168,7
gen7_1169,7
gen7_1174,7
gen7_1177,7
gen7_1187,7
gen7_1195,7
gen7_1197,7
gen7_1203,7
gen7_1208,7
gen7_1221,7
gen7_1226,7
gen7_1229,7
gen7_1231,7
gen7_1236,7
gen7_1238,7
gen7_1239,7
gen7_1245,7
gen7_1249,7
gen7_1253,7
gen7_1254,7
gen7_1258,7
gen7_1261,7
gen7_1274,7
gen7_1279,7
gen7_1299,7
gen7_1301,7
gen7_1304,7
gen7_1305,7
gen7_1306,7
gen7_1308,7
gen7_1312,7
gen7_1320,7
gen7_1322,7
gen7_1328,7
gen7_1331,7
gen7_1332,7
gen7_1334,7
gen7_1355,7
gen7_1356,7
gen7_1364,7
gen7_1367,7
gen7_1368,7
gen7_1369,7
gen7_1370,7
gen7_1372,7
gen7_1373,7
gen7_1376,7
gen7_1379,7
gen7_1385,7
gen7_1399,7
gen7_1400,7
gen7_1402,7
gen7_1405,7
gen7_1412,7
gen7_1413,7
gen7_1415,7
gen7_1421,7
gen7_1423,7
gen7_1431,7
gen7_1432,7
gen7_1438,7
gen7_1439,7
gen7_1445,7
gen7_1448,7
gen7_1451,7
gen7_1453,7
gen7_1455,7
gen7_1463,7
gen7_1464,7
gen7_1472,7
gen7_1473,7
gen7_1478,7
gen7_1481,7
gen7_1485,7
gen7_1487,7
gen7_1488,7
gen7_1492,7
gen7_1496,7
gen7_1497,7
gen7_1517,7
gen7_1519,7
gen7_1524,7
gen7_1525,7
gen7_1528,7
gen7_1533,7
gen7_1540,7
gen7_1544,7
gen7_1547,7
gen7_1549,7
gen7_1558,7
gen7_1559,7
gen7_1566,7
gen7_1568,7
gen7_1569,7
gen7_1573,7
gen7_1576,7
gen7_1577,7
gen7_1581,7
gen7_1582,7
gen7_1589,7
gen7_1591,7
gen7_1598,7
gen7_1606,7
gen7_1610,7
gen7_1613,7
gen7_1618,7
gen7_1619,7
gen7_1622,7
gen7_1633,7
gen7_1643,7
gen7_1652,7
gen7_1656,7
gen7_1670,7
gen7_1687,7
gen7_1688,7
gen7_1689,7
gen7_1693,7
gen7_1695,7
gen7_1697,7
gen7_1699,7
gen7_1700,7
gen7_1703,7
gen7_1709,7
gen7_1715,7
gen7_1716,7
gen7_1718,7
gen7_1721,7
gen7_1727,7
gen7_1732,7
gen7_1733,7
gen7_1734,7
gen7_1739,7
gen7_1741,7
gen7_1743,7
gen7_1745,7
gen7_1746,7
gen7_1748,7
gen7_1755,7
gen7_1756,7
gen7_1757,7
gen7_1759,7
gen7_1762,7
gen7_1765,7
gen7_1770,7
gen7_1774,7
gen7_1775,7
gen7_1781,7
gen7_1782,7
gen7_1783,7
gen7_1784,7
gen7_1790,7
gen7_1797,7
gen7_1800,7
gen7_1804,7
gen7_1813,7
gen7_1818,7
gen7_1820,7
gen7_1821,7
gen7_1822,7
gen7_1823,7
gen7_1826,7
gen7_1831,7
gen7_1833,7
gen7_1835,7
gen7_1838,7
gen7_1839,7
gen7_1844,7
gen7_1853,7
gen7_1856,7
gen7_1857,7
gen7_1858,7
gen7_1862,7
gen7_1865,7
gen7_1869,7
gen7_1877,7
gen7_1879,7
gen7_1880,7
gen7_1888,7
gen7_1896,7
gen7_1899,7
gen7_1907,7
gen7_1909,7
gen7_1911,7
gen7_1925,7
gen7_1929,7
gen7_1937,7
gen7_1942,7
gen7_1944,7
gen7_1945,7
gen7_1949,7
gen7_1951,7
gen7_1958,7
gen7_1960,7
gen7_1964,7
gen7_1966,7
gen7_1977,7
gen7_1978,7
gen7_1987,7
gen7_1988,7
gen7_1989,7
gen7_1990,7
gen7_1992,7
gen7_1996,7
gen7_1997,7
gen7_1999,7
gen7_2000,7
gen7_2001,7
gen7_2007,7
gen7_2010,7
gen7_2013,7
gen7_2016,7
gen7_2019,7
gen7_2026,7
gen7_2032,7
gen7_2041,7
gen7_2047,7
gen7_2050,7
gen7_2068,7
gen7_2069,7
gen7_2082,7
gen7_2093,7
gen7_2098,7
gen7_2100,7
gen7_2103,7
gen7_2105,7
gen7_2106,7
gen7_2110,7
gen7_2112,7
gen7_2116,7
gen7_2129,7
gen7_2134,7
gen7_2135,7
gen7_2136,7
gen7_2141,7
gen7_2142,7
gen7_2150,7
gen7_2164,7
gen7_2166,7
gen7_2167,7
gen7_2170,7
gen7_2173,7
gen7_2180,7
gen7_2182,7
gen7_2183,7
gen7_2188,7
gen7_2190,7
gen7_2191,7
gen7_2192,7
gen7_2195,7
gen7_2197,7
gen7_2198,7
gen7_2199,7
gen7_2200,7
gen7_2210,7
gen7_2212,7
gen7_2214,7
gen7_2219,7
gen7_2224,7
gen7_2230,7
gen7_2231,7
gen7_2233,7
gen7_2234,7
gen7_2235,7
gen7_2238,7
gen7_2245,7
gen7_2246,7
gen7_2248,7
gen7_2250,7
gen7_2251,7
gen7_2258,7
gen7_2262,7
gen7_2263,7
gen7_2272,7
gen7_2273,7
gen7_2275,7
gen7_2288,7
gen7_2290,7
gen7_2291,7
gen7_2298,7
gen7_2299,7
gen7_2300,7
gen7_2305,7
gen7_2315,7
gen7_2321,7
gen7_2330,7
gen7_2331,7
gen7_2335,7
gen7_2336,7
gen7_2341,7
gen7_2343,7
gen7_2348,7
gen7_2350,7
gen7_2358,7
gen7_2359,7
gen7_2360,7
gen7_2361,7
gen7_2363,7
gen7_2364,7
gen7_2365,7
gen7_2367,7
gen7_2369,7
gen7_2380,7
gen7_2384,7
gen7_2388,7
gen7_2390,7
gen7_2392,7
gen7_2393,7
gen7_2399,7
gen7_2412,7
gen7_2419,7
gen7_2420,7
gen7_2422,7
gen7_2423,7
gen7_2424,7
gen7_2425,7
gen7_2432,7
gen7_2434,7
gen7_2436,7
gen7_2437,7
gen7_2448,7
gen7_2453,7
gen7_2458,7
gen7_2465,7
gen7_2467,7
gen7_2468,7
gen7_2471,7
gen7_2477,7
gen7_2490,7
gen7_2492,7
gen7_2493,7
gen7_2503,7
gen7_2505,7
gen7_2506,7
gen7_2509,7
gen7_2515,7
gen7_2516,7
gen7_2524,7
gen7_2530,7
gen7_2532,7
gen7_2538,7
gen7_2552,7
gen7_2562,7
gen7_2563,7
gen7_2564,7
gen7_2565,7
gen7_2568,7
gen7_2569,7
gen7_2583,7
gen7_2592,7
gen7_2594,7
gen7_2599,7
gen7_2605,7
gen7_2609,7
gen7_2612,7
gen7_2614,7
gen7_2618,7
gen7_2628,7
gen7_2630,7
gen7_2637,7
gen7_2638,7
gen7_2645,7
gen7_2646,7
gen7_2652,7
gen7_2653,7
gen7_2654,7
gen7_2657,7
gen7_2658,7
gen7_2671,7
gen7_2675,7
gen7_2676,7
gen7_2677,7
gen7_2683,7
gen7_2684,7
gen7_2685,7
gen7_2701,7
gen7_2702,7
gen7_2709,7
gen7_2714,7
gen7_2719,7
gen7_2728,7
gen7_2730,7
gen7_2737,7
gen7_2742,7
gen7_2743,7
gen7_2744,7
gen7_2752,7
gen7_2762,7
gen7_2767,7
gen7_2768,7
gen7_2771,7
gen7_2781,7
gen7_2782,7
gen7_2784,7
gen7_2785,7
gen7_2786,7
gen7_2787,7
gen7_2789,7
gen7_2790,7
gen7_2797,7
gen7_2803,7
gen7_2807,7
gen7_2808,7
gen7_2809,7
gen7_2810,7
gen7_2812,7
gen7_2813,7
gen7_2814,7
gen7_2815,7
gen7_2816,7
gen7_2825,7
gen7_2826,7
gen7_2827,7
gen7_2830,7
gen7_2838,7
gen7_2856,7
gen7_2865,7
gen7_2872,7
gen7_2877,7
gen7_2880,7
gen7_2881,7
gen7_2882,7
gen7_2887,7
gen7_2889,7
gen7_2890,7
gen7_2893,7
gen7_2896,7
gen7_2903,7
gen7_2907,7
gen7_2908,7
gen7_2910,7
gen7_2912,7
gen7_2916,7
gen7_2922,7
gen7_2927,7
gen7_2928,7
gen7_2930,7
gen7_2932,7
gen7_2939,7
gen7_2944,7
gen7_2948,7
gen7_2952,7
gen7_2961,7
gen7_2968,7
gen7_2971,7
gen7_2972,7
gen7_2977,7
gen7_2979,7
gen7_2980,7
gen7_2984,7
gen7_2987,7
gen7_2988,7
gen7_2994,7
gen8_12,8
gen8_13,8
gen8_21,8
gen8_37,8
gen8_49,8
gen8_52,8
gen8_60,8
gen8_61,8
gen8_68,8
gen8_72,8
gen8_78,8
gen8_80,8
gen8_93,8
gen8_94,8
gen8_96,8
gen8_101,8
gen8_121,8
gen8_126,8
gen8_127,8
gen8_128,8
gen8_133,8
gen8_139,8
gen8_140,8
gen8_143,8
gen8_144,8
gen8_146,8
gen8_149,8
gen8_178,8
gen8_181,8
gen8_183,8
gen8_184,8
gen8_194,8
gen8_204,8
gen8_210,8
gen8_224,8
gen8_226,8
gen8_227,8
gen8_241,8
gen8_278,8
gen8_289,8
gen8_296,8
gen8_306,8
gen8_332,8
gen8_336,8
gen8_341,8
gen8_342,8
gen8_345,8
gen8_346,8
gen8_347,8
gen8_348,8
gen8_349,8
gen8_357,8
gen8_364,8
gen8_365,8
gen8_391,8
gen8_402,8
gen8_406,8
gen8_407,8
gen8_409,8
gen8_416,8
gen8_420,8
gen8_425,8
gen8_434,8
gen8_438,8
gen8_439,8
gen8_465,8
gen8_473,8
gen8_477,8
gen8_481,8
gen8_487,8
gen8_513,8
gen8_516,8
gen8_520,8
gen8_529,8
gen8_531,8
gen8_532,8
gen8_535,8
gen8_536,8
gen8_539,8
gen8_553,8
gen8_554,8
gen8_563,8
gen8_570,8
gen8_573,8
gen8_574,8
gen8_577,8
gen8_581,8
gen8_592,8
gen8_595,8
gen8_605,8
gen8_617,8
gen8_619,8
gen8_620,8
gen8_641,8
gen8_644,8
gen8_647,8
gen8_652,8
gen8_659,8
gen8_672,8
gen8_680,8
gen8_681,8
gen8_686,8
gen8_695,8
gen8_697,8
gen8_703,8
gen8_704,8
gen8_706,8
gen8_707,8
gen8_709,8
gen8_711,8
gen8_712,8
gen8_713,8
gen8_722,8
gen8_730,8
gen8_736,8
gen8_743,8
gen8_754,8
gen8_778,8
gen8_783,8
gen8_786,8
gen8_787,8
gen8_798,8
gen8_815,8
gen8_820,8
gen8_858,8
gen8_859,8
gen8_868,8
gen8_869,8
gen8_878,8
gen8_881,8
gen8_890,8
gen8_903,8
gen8_913,8
gen8_923,8
gen8_935,8
gen8_939,8
gen8_940,8
gen8_948,8
gen8_966,8
gen8_968,8
gen8_988,8
gen8_992,8
gen8_1023,8
gen8_1037,8
gen8_1038,8
gen8_1041,8
gen8_1047,8
gen8_1055,8
gen8_1074,8
gen8_1075,8
gen8_1078,8
gen8_1079,8
gen8_1080,8
gen8_1081,8
gen8_1101,8
gen8_1105,8
gen8_1106,8
gen8_1107,8
gen8_1124,8
gen8_1125,8
gen8_1129,8
gen8_1135,8
gen8_1138,8
gen8_1151,8
gen8_1159,8
gen8_1163,8
gen8_1166,8
gen8_1171,8
gen8_1176,8
gen8_1189,8
gen8_1192,8
gen8_1198,8
gen8_1199,8
gen8_1200,8
gen8_1216,8
gen8_1219,8
gen8_1223,8
gen8_1227,8
gen8_1229,8
gen8_1238,8
gen8_1239,8
gen8_1244,8
gen8_1250,8
gen8_1253,8
gen8_1254,8
gen8_1261,8
gen8_1262,8
gen8_1264,8
gen8_1276,8
gen8_1291,8
gen8_1299,8
gen8_1304,8
gen8_1305,8
gen8_1310,8
gen8_1317,8
gen8_1329,8
gen8_1338,8
gen8_1341,8
gen8_1344,8
gen8_1354,8
gen8_1363,8
gen8_1364,8
gen8_1375,8
gen8_1384,8
gen8_1385,8
gen8_1388,8
gen8_1397,8
gen8_1399,8
gen8_1412,8
gen8_1418,8
gen8_1431,8
gen8_1438,8
gen8_1464,8
gen8_1477,8
gen8_1481,8
gen8_1482,8
gen8_1484,8
gen8_1488,8
gen8_1492,8
gen8_1499,8
gen8_1504,8
gen8_1508,8
gen8_1510,8
gen8_1513,8
gen8_1514,8
gen8_1518,8
gen8_1520,8
gen8_1523,8
gen8_1541,8
gen8_1542,8
gen8_1548,8
gen8_1561,8
gen8_1564,8
gen8_1566,8
gen8_1568,8
gen8_1571,8
gen8_1575,8
gen8_1580,8
gen8_1586,8
gen8_1593,8
gen8_1597,8
gen8_1599,8
gen8_1611,8
gen8_1615,8
gen8_1616,8
gen8_1618,8
gen8_1621,8
gen8_1640,8
gen8_1643,8
gen8_1660,8
gen8_1662,8
gen8_1666,8
gen8_1681,8
gen8_1688,8
gen8_1705,8
gen8_1710,8
gen8_1713,8
gen8_1718,8
gen8_1721,8
gen8_1722,8
gen8_1731,8
gen8_1734,8
gen8_1741,8
gen8_1753,8
gen8_1754,8
gen8_1758,8
gen8_1764,8
gen8_1766,8
gen8_1769,8
gen8_1774,8
gen8_1782,8
gen8_1791,8
gen8_1801,8
gen8_1812,8
gen8_1830,8
gen8_1838,8
gen8_1848,8
gen8_1849,8
gen8_1858,8
gen8_1859,8
gen8_1863,8
gen8_1869,8
gen8_1879,8
gen8_1889,8
gen8_1900,8
gen8_1920,8
gen8_1931,8
gen8_1934,8
gen8_1936,8
gen8_1938,8
gen8_1941,8
gen8_1943,8
gen8_1945,8
gen8_1947,8
gen8_1953,8
gen8_1972,8
gen8_1997,8
gen8_2004,8
gen8_2007,8
gen8_2008,8
gen8_2009,8
gen8_2014,8
gen8_2026,8
gen8_2029,8
gen8_2035,8
gen8_2043,8
gen8_2045,8
gen8_2056,8
gen8_2065,8
gen8_2068,8
gen8_2069,8
gen8_2074,8
gen8_2075,8
gen8_2082,8
gen8_2085,8
gen8_2086,8
gen8_2090,8
gen8_2098,8
gen8_2100,8
gen8_2104,8
gen8_2110,8
gen8_2114,8
gen8_2121,8
gen8_2125,8
gen8_2141,8
gen8_2151,8
gen8_2154,8
gen8_2156,8
gen8_2159,8
gen8_2169,8
gen8_2175,8
gen8_2180,8
gen8_2193,8
gen8_2195,8
gen8_2200,8
gen8_2214,8
gen8_2222,8
gen8_2225,8
gen8_2226,8
gen8_2230,8
gen8_2239,8
gen8_2247,8
gen8_2252,8
gen8_2254,8
gen8_2255,8
gen8_2260,8
gen8_2278,8
gen8_2285,8
gen8_2286,8
gen8_2292,8
gen8_2295,8
gen8_2299,8
gen8_2301,8
gen8_2312,8
gen8_2315,8
gen8_2322,8
gen8_2336,8
gen8_2346,8
gen8_2359,8
gen8_2365,8
gen8_2375,8
gen8_2383,8
gen8_2384,8
gen8_2385,8
gen8_2393,8
gen8_2401,8
gen8_2404,8
gen8_2408,8
gen8_2414,8
gen8_2427,8
gen8_2444,8
gen8_2445,8
gen8_2450,8
gen8_2458,8
gen8_2461,8
gen8_2469,8
gen8_2470,8
gen8_2473,8
gen8_2476,8
gen8_2478,8
gen8_2479,8
gen8_2483,8
gen8_2489,8
gen8_2508,8
gen8_2510,8
gen8_2514,8
gen8_2516,8
gen8_2522,8
gen8_2535,8
gen8_2540,8
gen8_2560,8
gen8_2564,8
gen8_2566,8
gen8_2569,8
gen8_2578,8
gen8_2581,8
gen8_2586,8
gen8_2588,8
gen8_2590,8
gen8_2598,8
gen8_2600,8
gen8_2602,8
gen8_2608,8
gen8_2613,8
gen8_2625,8
gen8_2628,8
gen8_2636,8
gen8_2641,8
gen8_2643,8
gen8_2645,8
gen8_2646,8
gen8_2648,8
gen8_2651,8
gen8_2652,8
gen8_2662,8
gen8_2666,8
gen8_2673,8
gen8_2690,8
gen8_2691,8
gen8_2692,8
gen8_2693,8
gen8_2700,8
gen8_2702,8
gen8_2704,8
gen8_2706,8
gen8_2717,8
gen8_2726,8
gen8_2731,8
gen8_2738,8
gen8_2741,8
gen8_2748,8
gen8_2765,8
gen8_2766,8
gen8_2769,8
gen8_2771,8
gen8_2772,8
gen8_2774,8
gen8_2782,8
gen8_2783,8
gen8_2785,8
gen8_2801,8
gen8_2803,8
gen8_2822,8
gen8_2829,8
gen8_2830,8
gen8_2836,8
gen8_2844,8
gen8_2850,8
gen8_2853,8
gen8_2855,8
gen8_2858,8
gen8_2863,8
gen8_2864,8
gen8_2872,8
gen8_2897,8
gen8_2910,8
gen8_2922,8
gen8_2926,8
gen8_2930,8
gen8_2937,8
gen8_2944,8
gen8_2951,8
gen8_2963,8
gen8_2968,8
gen8_2970,8
gen8_2975,8
gen8_2997,8
gen8_2999,8
gen8_3000,8
gen9_14,9
gen9_23,9
gen9_81,9
gen9_147,9
gen9_167,9
gen9_297,9
gen9_357,9
gen9_388,9
gen9_454,9
gen9_525,9
gen9_689,9
gen9_757,9
gen9_773,9
gen9_884,9
gen9_895,9
gen9_940,9
gen9_960,9
gen9_969,9
gen9_989,9
gen9_1011,9
gen9_1077,9
gen9_1109,9
gen9_1156,9
gen9_1231,9
gen9_1257,9
gen9_1328,9
gen9_1344,9
gen9_1351,9
gen9_1543,9
gen9_1570,9
gen9_1626,9
gen9_1660,9
gen9_1751,9
gen9_1771,9
gen9_1795,9
gen9_1847,9
gen9_1859,9
gen9_1980,9
gen9_2020,9
gen9_2033,9
gen9_2077,9
gen9_2121,9
gen9_2140,9
gen9_2186,9
gen9_2189,9
gen9_2473,9
gen9_2475,9
gen9_2490,9
gen9_2513,9
gen9_2552,9
gen9_2668,9
gen9_2672,9
gen9_2783,9
gen9_2868,9
genb1_81,1
genb1_344,1
genb1_494,1
genb1_531,1
genb1_543,1
genb1_604,1
genb1_1434,1
genb1_1509,1
genb1_1980,1
genb1_2133,1
genb1_2139,1
genb1_2900,1
genb1_3039,1
genb1_3231,1
genb1_3733,1
genb1_4001,1
genb1_4098,1
genb1_4137,1
genb1_4472,1
genb1_4488,1
genb1_4552,1
genb1_4761,1
genb1_5139,1
genb1_5750,1
genb1_6027,1
genb2_27,2
genb2_140,2
genb2_444,2
genb2_527,2
genb2_558,2
genb2_677,2
genb2_837,2
genb2_894,2
genb2_1278,2
genb2_2358,2
genb2_2987,2
genb2_3688,2
genb2_3774,2
genb2_5297,2
genb2_6018,2
genb2_6183,2
genb2_6530,2
genb2_6602,2
genb2_6633,2
genb2_8296,2
genb2_8430,2
genb2_8700,2
genb2_8855,2
genb2_8990,2
genb2_8996,2
genb2_9034,2
genb2_9486,2
genb2_9755,2
genb2_9800,2
genb3_8,3
genb3_28,3
genb3_47,3
genb3_63,3
genb3_67,3
genb3_84,3
genb3_115,3
genb3_139,3
genb3_166,3
genb3_170,3
genb3_204,3
genb3_217,3
genb3_240,3
genb3_244,3
genb3_295,3
genb3_302,3
genb3_322,3
genb3_328,3
genb3_340,3
genb3_390,3
genb3_431,3
genb3_439,3
genb3_480,3
genb3_489,3
genb3_502,3
genb3_527,3
genb3_539,3
genb3_541,3
genb3_549,3
genb3_563,3
genb3_564,3
genb3_566,3
genb3_567,3
genb3_577,3
genb3_579,3
genb3_589,3
genb3_595,3
genb3_606,3
genb3_608,3
genb3_643,3
genb3_659,3
genb3_675,3
genb3_678,3
genb3_693,3
genb3_694,3
genb3_741,3
genb3_757,3
genb3_760,3
genb3_786,3
genb3_788,3
genb3_793,3
genb3_804,3
genb3_813,3
genb3_819,3
genb3_820,3
genb3_831,3
genb3_834,3
genb3_847,3
genb3_882,3
genb3_909,3
genb3_920,3
genb3_928,3
genb3_966,3
genb3_981,3
genb3_998,3
genb3_1009,3
genb3_1043,3
genb3_1060,3
genb3_1065,3
genb3_1073,3
genb3_1083,3
genb3_1109,3
genb3_1129,3
genb3_1159,3
genb3_1168,3
genb3_1185,3
genb3_1230,3
genb3_1239,3
genb3_1278,3
genb3_1307,3
genb3_1320,3
genb3_1325,3
genb3_1339,3
genb3_1354,3
genb3_1367,3
genb3_1368,3
genb3_1388,3
genb3_1422,3
genb3_1425,3
genb3_1436,3
genb3_1451,3
genb3_1472,3
genb3_1493,3
genb3_1501,3
genb3_1541,3
genb3_1552,3
genb3_1568,3
genb3_1596,3
genb3_1648,3
genb3_1658,3
genb3_1676,3
genb3_1704,3
genb3_1722,3
genb3_1757,3
genb3_1795,3
genb3_1798,3
genb3_1803,3
genb3_1831,3
genb3_1852,3
genb3_1874,3
genb3_1901,3
genb3_1923,3
genb3_1925,3
genb3_1930,3
genb3_1952,3
genb3_1959,3
genb3_1977,3
genb3_1988,3
genb3_2004,3
genb3_2025,3
genb3_2058,3
genb3_2059,3
genb3_2068,3
genb3_2081,3
genb3_2089,3
genb3_2093,3
genb3_2146,3
genb3_2248,3
genb3_2284,3
genb3_2286,3
genb3_2302,3
genb3_2336,3
genb3_2352,3
genb3_2356,3
genb3_2370,3
genb3_2371,3
genb3_2382,3
genb3_2400,3
genb3_2404,3
genb3_2420,3
genb3_2446,3
genb3_2448,3
genb3_2467,3
genb3_2509,3
genb3_2517,3
genb3_2527,3
genb3_2552,3
genb3_2564,3
genb3_2592,3
genb3_2653,3
genb3_2655,3
genb3_2673,3
genb3_2708,3
genb3_2711,3
genb3_2751,3
genb3_2754,3
genb3_2786,3
genb3_2792,3
genb3_2798,3
genb3_2803,3
genb3_2832,3
genb3_2855,3
genb3_2863,3
genb3_2866,3
genb3_2867,3
genb3_2873,3
genb3_2889,3
genb3_2908,3
genb3_2914,3
genb3_2915,3
genb3_2932,3
genb3_2935,3
genb3_2947,3
genb3_2955,3
genb3_2988,3
genb3_2990,3
genb3_2998,3
genb3_3002,3
genb3_3020,3
genb3_3021,3
genb3_3025,3
genb3_3030,3
genb3_3033,3
genb3_3037,3
genb3_3042,3
genb3_3044,3
genb3_3081,3
genb3_3090,3
genb3_3103,3
genb3_3131,3
genb3_3148,3
genb3_3154,3
genb3_3165,3
genb3_3188,3
genb3_3193,3
genb3_3206,3
genb3_3207,3
genb3_3219,3
genb3_3241,3
genb3_3310,3
genb3_3329,3
genb3_3336,3
genb3_3337,3
genb3_3343,3
genb3_3361,3
genb3_3370,3
genb3_3383,3
genb3_3396,3
genb3_3408,3
genb3_3465,3
genb3_3471,3
genb3_3478,3
genb3_3491,3
genb3_3512,3
genb3_3529,3
genb3_3564,3
genb3_3566,3
genb3_3567,3
genb3_3570,3
genb3_3601,3
genb3_3617,3
genb3_3659,3
genb3_3668,3
genb3_3669,3
genb3_3675,3
genb3_3680,3
genb3_3696,3
genb3_3698,3
genb3_3709,3
genb3_3729,3
genb3_3734,3
genb3_3741,3
genb3_3762,3
genb3_3805,3
genb3_3808,3
genb3_3817,3
genb3_3892,3
genb3_3894,3
genb3_3895,3
genb3_3898,3
genb3_3930,3
genb3_3932,3
genb3_3938,3
genb3_3947,3
genb3_3951,3
genb3_3956,3
genb3_3974,3
genb3_3991,3
genb3_3993,3
genb3_3994,3
genb3_3998,3
genb4_1,4
genb4_11,4
genb4_14,4
genb4_19,4
genb4_26,4
genb4_44,4
genb4_48,4
genb4_49,4
genb4_51,4
genb4_70,4
genb4_74,4
genb4_80,4
genb4_82,4
genb4_91,4
genb4_92,4
genb4_93,4
genb4_95,4
genb4_106,4
genb4_108,4
genb4_114,4
genb4_115,4
genb4_116,4
genb4_117,4
genb4_122,4
genb4_124,4
genb4_129,4
genb4_141,4
genb4_146,4
genb4_150,4
genb4_154,4
genb4_155,4
genb4_158,4
genb4_165,4
genb4_168,4
genb4_169,4
genb4_171,4
genb4_176,4
genb4_177,4
genb4_178,4
genb4_183,4
genb4_185,4
genb4_208,4
genb4_213,4
genb4_225,4
genb4_226,4
genb4_230,4
genb4_231,4
genb4_236,4
genb4_238,4
genb4_239,4
genb4_240,4
genb4_242,4
genb4_243,4
genb4_249,4
genb4_253,4
genb4_255,4
genb4_264,4
genb4_273,4
genb4_275,4
genb4_276,4
genb4_277,4
genb4_278,4
genb4_287,4
genb4_289,4
genb4_291,4
genb4_298,4
genb4_299,4
genb4_303,4
genb4_328,4
genb4_329,4
genb4_332,4
genb4_335,4
genb4_338,4
genb4_349,4
genb4_362,4
genb4_365,4
genb4_369,4
genb4_376,4
genb4_381,4
genb4_383,4
genb4_385,4
genb4_395,4
genb4_396,4
genb4_399,4
genb4_405,4
genb4_421,4
genb4_428,4
genb4_431,4
genb4_433,4
genb4_441,4
genb4_447,4
genb4_461,4
genb4_462,4
genb4_467,4
genb4_468,4
genb4_474,4
genb4_475,4
genb4_477,4
genb4_481,4
genb4_482,4
genb4_485,4
genb4_492,4
genb4_493,4
genb4_496,4
genb4_503,4
genb4_508,4
genb4_509,4
genb4_520,4
genb4_522,4
genb4_523,4
genb4_526,4
genb4_529,4
genb4_538,4
genb4_549,4
genb4_550,4
genb4_551,4
genb4_571,4
genb4_580,4
genb4_583,4
genb4_588,4
genb4_589,4
genb4_590,4
genb4_591,4
genb4_594,4
genb4_595,4
genb4_599,4
genb4_602,4
genb4_606,4
genb4_609,4
genb4_610,4
genb4_622,4
genb4_627,4
genb4_633,4
genb4_647,4
genb4_649,4
genb4_652,4
genb4_653,4
genb4_655,4
genb4_656,4
genb4_664,4
genb4_666,4
genb4_679,4
genb4_696,4
genb4_708,4
genb4_718,4
genb4_721,4
genb4_724,4
genb4_729,4
genb4_731,4
genb4_736,4
genb4_743,4
genb4_749,4
genb4_751,4
genb4_753,4
genb4_754,4
genb4_755,4
genb4_760,4
genb4_768,4
genb4_770,4
genb4_771,4
genb4_772,4
genb4_778,4
genb4_783,4
genb4_784,4
genb4_794,4
genb4_803,4
genb4_809,4
genb4_812,4
genb4_813,4
genb4_819,4
genb4_826,4
genb4_843,4
genb4_844,4
genb4_846,4
genb4_848,4
genb4_877,4
genb4_880,4
genb4_891,4
genb4_903,4
genb4_904,4
genb4_906,4
genb4_914,4
genb4_920,4
genb4_928,4
genb4_936,4
genb4_938,4
genb4_940,4
genb4_946,4
genb4_952,4
genb4_957,4
genb4_958,4
genb4_960,4
genb4_962,4
genb4_963,4
genb4_973,4
genb4_976,4
genb4_982,4
genb4_983,4
genb4_986,4
genb4_990,4
genb4_991,4
genb4_992,4
genb4_995,4
genb4_996,4
genb4_1009,4
genb4_1012,4
genb4_1015,4
genb4_1016,4
genb4_1017,4
genb4_1021,4
genb4_1029,4
genb4_1030,4
genb4_1034,4
genb4_1040,4
genb4_1052,4
genb4_1059,4
genb4_1066,4
genb4_1071,4
genb4_1072,4
genb4_1073,4
genb4_1074,4
genb4_1075,4
genb4_1076,4
genb4_1077,4
genb4_1081,4
genb4_1082,4
genb4_1083,4
genb4_1090,4
genb4_1099,4
genb4_1101,4
genb4_1103,4
genb4_1104,4
genb4_1110,4
genb4_1116,4
genb4_1125,4
genb4_1127,4
genb4_1140,4
genb4_1142,4
genb4_1143,4
genb4_1145,4
genb4_1154,4
genb4_1155,4
genb4_1159,4
genb4_1161,4
genb4_1167,4
genb4_1171,4
genb4_1181,4
genb4_1184,4
genb4_1185,4
genb4_1186,4
genb4_1187,4
genb4_1197,4
genb4_1198,4
genb4_1201,4
genb4_1202,4
genb4_1203,4
genb4_1207,4
genb4_1211,4
genb4_1212,4
genb4_1223,4
genb4_1230,4
genb4_1234,4
genb4_1235,4
genb4_1238,4
genb4_1239,4
genb4_1248,4
genb4_1251,4
genb4_1253,4
genb4_1255,4
genb4_1259,4
genb4_1275,4
genb4_1276,4
genb4_1281,4
genb4_1286,4
genb4_1288,4
genb4_1289,4
genb4_1292,4
genb4_1297,4
genb4_1298,4
genb4_1314,4
genb4_1319,4
genb4_1321,4
genb4_1330,4
genb4_1341,4
genb4_1351,4
genb4_1357,4
genb4_1360,4
genb4_1361,4
genb4_1362,4
genb4_1363,4
genb4_1382,4
genb4_1385,4
genb4_1388,4
genb4_1392,4
genb4_1394,4
genb4_1396,4
genb4_1397,4
genb4_1402,4
genb4_1403,4
genb4_1404,4
genb4_1409,4
genb4_1410,4
genb4_1413,4
genb4_1415,4
genb4_1416,4
genb4_1421,4
genb4_1427,4
genb4_1431,4
genb4_1432,4
genb4_1452,4
genb4_1454,4
genb4_1464,4
genb4_1466,4
genb4_1480,4
genb4_1488,4
genb4_1493,4
genb4_1497,4
genb4_1501,4
genb4_1503,4
genb4_1508,4
genb4_1512,4
genb4_1515,4
genb4_1517,4
genb4_1522,4
genb4_1535,4
genb4_1537,4
genb4_1539,4
genb4_1542,4
genb4_1543,4
genb4_1544,4
genb4_1545,4
genb4_1551,4
genb4_1554,4
genb4_1558,4
genb4_1566,4
genb4_1571,4
genb4_1578,4
genb4_1581,4
genb4_1583,4
genb4_1587,4
genb4_1596,4
genb4_1604,4
genb4_1605,4
genb4_1613,4
genb4_1615,4
genb4_1629,4
genb4_1630,4
genb4_1634,4
genb4_1637,4
genb4_1639,4
genb4_1645,4
genb4_1646,4
genb4_1649,4
genb4_1654,4
genb4_1656,4
genb4_1663,4
genb4_1664,4
genb4_1681,4
genb4_1691,4
genb4_1710,4
genb4_1711,4
genb4_1719,4
genb4_1723,4
genb4_1726,4
genb4_1732,4
genb4_1735,4
genb4_1737,4
genb4_1738,4
genb4_1742,4
genb4_1746,4
genb4_1750,4
genb4_1755,4
genb4_1756,4
genb4_1758,4
genb4_1759,4
genb4_1760,4
genb4_1763,4
genb4_1765,4
genb4_1773,4
genb4_1776,4
genb4_1783,4
genb4_1785,4
genb4_1786,4
genb4_1787,4
genb4_1794,4
genb4_1796,4
genb4_1798,4
genb4_1802,4
genb4_1808,4
genb4_1822,4
genb4_1826,4
genb4_1836,4
genb4_1844,4
genb4_1847,4
genb4_1851,4
genb4_1861,4
genb4_1866,4
genb4_1868,4
genb4_1873,4
genb4_1877,4
genb4_1887,4
genb4_1894,4
genb4_1899,4
genb4_1900,4
genb4_1904,4
genb4_1908,4
genb4_1909,4
genb4_1913,4
genb4_1915,4
genb4_1917,4
genb4_1918,4
genb4_1931,4
genb4_1932,4
genb4_1933,4
genb4_1934,4
genb4_1940,4
genb4_1942,4
genb4_1954,4
genb4_1959,4
genb4_1963,4
genb4_1967,4
genb4_1970,4
genb4_1971,4
genb4_1980,4
genb4_1981,4
genb4_1982,4
genb4_1984,4
genb4_1991,4
genb4_2004,4
genb4_2008,4
genb4_2026,4
genb4_2044,4
genb4_2055,4
genb4_2059,4
genb4_2061,4
genb4_2063,4
genb4_2072,4
genb4_2073,4
genb4_2076,4
genb4_2086,4
genb4_2087,4
genb4_2099,4
genb4_2108,4
genb4_2119,4
genb4_2121,4
genb4_2122,4
genb4_2125,4
genb4_2133,4
genb4_2137,4
genb4_2138,4
genb4_2152,4
genb4_2153,4
genb4_2158,4
genb4_2163,4
genb4_2168,4
genb4_2169,4
genb4_2170,4
genb4_2171,4
genb4_2173,4
genb4_2175,4
genb4_2178,4
genb4_2189,4
genb4_2195,4
genb4_2204,4
genb4_2212,4
genb4_2213,4
genb4_2215,4
genb4_2216,4
genb4_2225,4
genb4_2228,4
genb4_2238,4
genb4_2247,4
genb4_2251,4
genb4_2256,4
genb4_2267,4
genb4_2269,4
genb4_2270,4
genb4_2273,4
genb4_2278,4
genb4_2279,4
genb4_2280,4
genb4_2282,4
genb4_2290,4
genb4_2291,4
genb4_2297,4
genb4_2298,4
genb4_2299,4
genb4_2304,4
genb4_2305,4
genb4_2310,4
genb4_2315,4
genb4_2327,4
genb4_2335,4
genb4_2346,4
genb4_2347,4
genb4_2351,4
genb4_2354,4
genb4_2355,4
genb4_2359,4
genb4_2360,4
genb4_2363,4
genb4_2367,4
genb4_2368,4
genb4_2369,4
genb4_2370,4
genb4_2372,4
genb4_2385,4
genb4_2387,4
genb4_2391,4
genb4_2395,4
genb4_2404,4
genb4_2405,4
genb4_2418,4
genb4_2421,4
genb4_2425,4
genb4_2435,4
genb4_2436,4
genb4_2445,4
genb4_2446,4
genb4_2449,4
genb4_2450,4
genb4_2451,4
genb4_2452,4
genb4_2469,4
genb4_2474,4
genb4_2478,4
genb4_2482,4
genb4_2484,4
genb4_2486,4
genb4_2491,4
genb4_2502,4
genb4_2503,4
genb4_2507,4
genb4_2508,4
genb4_2509,4
genb4_2516,4
genb4_2519,4
genb4_2531,4
genb4_2533,4
genb4_2549,4
genb4_2552,4
genb4_2554,4
genb4_2557,4
genb4_2564,4
genb4_2567,4
genb4_2573,4
genb4_2574,4
genb4_2575,4
genb4_2582,4
genb4_2585,4
genb4_2601,4
genb4_2602,4
genb4_2603,4
genb4_2604,4
genb4_2607,4
genb4_2608,4
genb4_2617,4
genb4_2624,4
genb4_2625,4
genb4_2632,4
genb4_2635,4
genb4_2643,4
genb4_2654,4
genb4_2655,4
genb4_2662,4
genb4_2668,4
genb4_2677,4
genb4_2678,4
genb4_2682,4
genb4_2684,4
genb4_2686,4
genb4_2687,4
genb4_2690,4
genb4_2693,4
genb4_2696,4
genb4_2698,4
genb4_2699,4
genb4_2704,4
genb4_2708,4
genb4_2719,4
genb4_2725,4
genb4_2744,4
genb4_2746,4
genb4_2756,4
genb4_2765,4
genb4_2768,4
genb4_2769,4
genb4_2772,4
genb4_2794,4
genb4_2797,4
genb4_2807,4
genb4_2818,4
genb4_2819,4
genb4_2823,4
genb4_2825,4
genb4_2828,4
genb4_2834,4
genb4_2836,4
genb4_2837,4
genb4_2843,4
genb4_2849,4
genb4_2851,4
genb4_2861,4
genb4_2867,4
genb4_2872,4
genb4_2885,4
genb4_2891,4
genb4_2894,4
genb4_2899,4
genb4_2907,4
genb4_2921,4
genb4_2927,4
genb4_2928,4
genb4_2929,4
genb4_2930,4
genb4_2932,4
genb4_2936,4
genb4_2942,4
genb4_2946,4
genb4_2948,4
genb4_2952,4
genb4_2958,4
genb4_2960,4
genb4_2978,4
genb4_2992,4
genb5_11,5
genb5_21,5
genb5_27,5
genb5_29,5
genb5_30,5
genb5_34,5
genb5_42,5
genb5_59,5
genb5_63,5
genb5_64,5
genb5_65,5
genb5_77,5
genb5_83,5
genb5_91,5
genb5_94,5
genb5_120,5
genb5_121,5
genb5_127,5
genb5_131,5
genb5_132,5
genb5_136,5
genb5_144,5
genb5_162,5
genb5_168,5
genb5_180,5
genb5_182,5
genb5_183,5
genb5_184,5
genb5_189,5
genb5_195,5
genb5_196,5
genb5_211,5
genb5_225,5
genb5_228,5
genb5_236,5
genb5_248,5
genb5_265,5
genb5_273,5
genb5_292,5
genb5_293,5
genb5_297,5
genb5_309,5
genb5_321,5
genb5_328,5
genb5_335,5
genb5_340,5
genb5_343,5
genb5_364,5
genb5_367,5
genb5_376,5
genb5_377,5
genb5_379,5
genb5_382,5
genb5_385,5
genb5_394,5
genb5_396,5
genb5_400,5
genb5_424,5
genb5_429,5
genb5_442,5
genb5_444,5
genb5_482,5
genb5_483,5
genb5_484,5
genb5_498,5
genb5_501,5
genb5_507,5
genb5_509,5
genb5_513,5
genb5_514,5
genb5_522,5
genb5_547,5
genb5_556,5
genb5_560,5
genb5_564,5
genb5_576,5
genb5_590,5
genb5_592,5
genb5_594,5
genb5_608,5
genb5_612,5
genb5_630,5
genb5_631,5
genb5_636,5
genb5_639,5
genb5_649,5
genb5_655,5
genb5_656,5
genb5_657,5
genb5_660,5
genb5_661,5
genb5_663,5
genb5_666,5
genb5_670,5
genb5_678,5
genb5_679,5
genb5_683,5
genb5_686,5
genb5_712,5
genb5_733,5
genb5_745,5
genb5_747,5
genb5_764,5
genb5_785,5
genb5_786,5
genb5_802,5
genb5_809,5
genb5_818,5
genb5_819,5
genb5_832,5
genb5_837,5
genb5_859,5
genb5_866,5
genb5_894,5
genb5_902,5
genb5_939,5
genb5_942,5
genb5_954,5
genb5_991,5
genb5_992,5
genb5_1000,5
genb5_1003,5
genb5_1019,5
genb5_1036,5
genb5_1039,5
genb5_1047,5
genb5_1053,5
genb5_1061,5
genb5_1064,5
genb5_1070,5
genb5_1071,5
genb5_1073,5
genb5_1092,5
genb5_1103,5
genb5_1104,5
genb5_1109,5
genb5_1111,5
genb5_1115,5
genb5_1122,5
genb5_1131,5
genb5_1146,5
genb5_1153,5
genb5_1173,5
genb5_1196,5
genb5_1201,5
genb5_1203,5
genb5_1205,5
genb5_1227,5
genb5_1231,5
genb5_1233,5
genb5_1245,5
genb5_1246,5
genb5_1255,5
genb5_1260,5
genb5_1262,5
genb5_1266,5
genb5_1273,5
genb5_1274,5
genb5_1303,5
genb5_1308,5
genb5_1309,5
genb5_1315,5
genb5_1324,5
genb5_1349,5
genb5_1356,5
genb5_1368,5
genb5_1369,5
genb5_1381,5
genb5_1388,5
genb5_1403,5
genb5_1409,5
genb5_1410,5
genb5_1414,5
genb5_1415,5
genb5_1433,5
genb5_1436,5
genb5_1449,5
genb5_1452,5
genb5_1460,5
genb5_1472,5
genb5_1474,5
genb5_1489,5
genb5_1504,5
genb5_1514,5
genb5_1519,5
genb5_1532,5
genb5_1537,5
genb5_1548,5
genb5_1549,5
genb5_1569,5
genb5_1575,5
genb5_1585,5
genb5_1590,5
genb5_1597,5
genb5_1601,5
genb5_1603,5
genb5_1609,5
genb5_1616,5
genb5_1635,5
genb5_1649,5
genb5_1661,5
genb5_1688,5
genb5_1694,5
genb5_1695,5
genb5_1713,5
genb5_1719,5
genb5_1722,5
genb5_1737,5
genb5_1739,5
genb5_1763,5
genb5_1788,5
genb5_1812,5
genb5_1814,5
genb5_1824,5
genb5_1830,5
genb5_1832,5
genb5_1837,5
genb5_1849,5
genb5_1874,5
genb5_1916,5
genb5_1919,5
genb5_1925,5
genb5_1929,5
genb5_1933,5
genb5_1937,5
genb5_1964,5
genb5_1965,5
genb5_1984,5
genb5_1992,5
genb5_1997,5
genb5_2014,5
genb5_2018,5
genb5_2027,5
genb5_2041,5
genb5_2042,5
genb5_2066,5
genb5_2091,5
genb5_2095,5
genb5_2096,5
genb5_2125,5
genb5_2137,5
genb5_2145,5
genb5_2147,5
genb5_2152,5
genb5_2165,5
genb5_2167,5
genb5_2198,5
genb5_2202,5
genb5_2209,5
genb5_2215,5
genb5_2232,5
genb5_2240,5
genb5_2248,5
genb5_2250,5
genb5_2251,5
genb5_2265,5
genb5_2275,5
genb5_2279,5
genb5_2298,5
genb5_2322,5
genb5_2336,5
genb5_2348,5
genb5_2356,5
genb5_2391,5
genb5_2400,5
genb5_2416,5
genb5_2426,5
genb5_2430,5
genb5_2446,5
genb5_2447,5
genb5_2469,5
genb5_2488,5
genb5_2513,5
genb5_2517,5
genb5_2529,5
genb5_2531,5
genb5_2534,5
genb5_2539,5
genb5_2541,5
genb5_2559,5
genb5_2578,5
genb5_2583,5
genb5_2588,5
genb5_2599,5
genb5_2606,5
genb5_2612,5
genb5_2628,5
genb5_2650,5
genb5_2651,5
genb5_2664,5
genb5_2676,5
genb5_2697,5
genb5_2700,5
genb5_2701,5
genb5_2703,5
genb5_2704,5
genb5_2707,5
genb5_2712,5
genb5_2717,5
genb5_2731,5
genb5_2741,5
genb5_2776,5
genb5_2777,5
genb5_2779,5
genb5_2780,5
genb5_2788,5
genb5_2820,5
genb5_2839,5
genb5_2846,5
genb5_2861,5
genb5_2867,5
genb5_2881,5
genb5_2882,5
genb5_2886,5
genb5_2888,5
genb5_2892,5
genb5_2904,5
genb5_2909,5
genb5_2923,5
genb5_2928,5
genb5_2937,5
genb5_2951,5
genb5_2952,5
genb5_2978,5
genb5_3000,5
genb5_3002,5
genb5_3029,5
genb5_3039,5
genb5_3048,5
genb5_3052,5
genb5_3065,5
genb5_3070,5
genb5_3076,5
genb5_3080,5
genb5_3097,5
genb5_3110,5
genb5_3111,5
genb5_3112,5
genb5_3115,5
genb5_3117,5
genb5_3118,5
genb5_3124,5
genb5_3137,5
genb5_3142,5
genb5_3147,5
genb5_3149,5
genb5_3177,5
genb5_3191,5
genb5_3201,5
genb5_3205,5
genb5_3208,5
genb5_3213,5
genb5_3220,5
genb5_3231,5
genb5_3236,5
genb5_3242,5
genb5_3246,5
genb5_3247,5
genb5_3258,5
genb5_3259,5
genb5_3268,5
genb5_3271,5
genb5_3277,5
genb5_3294,5
genb5_3303,5
genb5_3312,5
genb5_3314,5
genb5_3316,5
genb5_3319,5
genb5_3322,5
genb5_3348,5
genb5_3349,5
genb5_3354,5
genb5_3385,5
genb5_3398,5
genb5_3412,5
genb5_3414,5
genb5_3417,5
genb5_3451,5
genb5_3453,5
genb5_3464,5
genb5_3466,5
genb5_3472,5
genb5_3481,5
genb5_3486,5
genb5_3488,5
genb5_3490,5
genb5_3498,5
genb5_3507,5
genb5_3509,5
genb5_3514,5
genb5_3518,5
genb5_3525,5
genb5_3532,5
genb5_3535,5
genb5_3543,5
genb5_3549,5
genb5_3555,5
genb5_3556,5
genb5_3557,5
genb5_3563,5
genb5_3575,5
genb5_3585,5
genb5_3591,5
genb5_3595,5
genb5_3597,5
genb5_3601,5
genb5_3603,5
genb5_3616,5
genb5_3620,5
genb5_3626,5
genb5_3630,5
genb5_3633,5
genb5_3639,5
genb5_3642,5
genb5_3650,5
genb5_3691,5
genb5_3693,5
genb5_3695,5
genb5_3704,5
genb5_3717,5
genb5_3720,5
genb5_3721,5
genb5_3726,5
genb5_3731,5
genb5_3732,5
genb5_3733,5
genb5_3738,5
genb5_3742,5
genb5_3744,5
genb5_3747,5
genb5_3773,5
genb5_3777,5
genb5_3801,5
genb5_3802,5
genb5_3811,5
genb5_3821,5
genb5_3840,5
genb5_3848,5
genb5_3859,5
genb5_3876,5
genb5_3878,5
genb5_3887,5
genb5_3896,5
genb5_3904,5
genb5_3913,5
genb5_3920,5
genb5_3922,5
genb5_3935,5
genb5_3940,5
genb5_3951,5
genb5_3957,5
genb5_3964,5
genb5_3968,5
genb5_3969,5
genb5_3982,5
genb5_3984,5
genb5_4006,5
genb5_4016,5
genb5_4017,5
genb5_4031,5
genb5_4044,5
genb5_4047,5
genb5_4049,5
genb5_4065,5
genb5_4070,5
genb5_4080,5
genb5_4082,5
genb5_4086,5
genb5_4089,5
genb5_4099,5
genb5_4106,5
genb5_4126,5
genb5_4139,5
genb5_4148,5
genb5_4150,5
genb5_4154,5
genb5_4168,5
genb5_4169,5
genb5_4173,5
genb5_4176,5
genb5_4186,5
genb5_4212,5
genb5_4214,5
genb5_4218,5
genb5_4251,5
genb5_4252,5
genb5_4255,5
genb5_4267,5
genb5_4274,5
genb5_4279,5
genb5_4282,5
genb5_4284,5
genb5_4289,5
genb5_4292,5
genb5_4298,5
genb5_4305,5
genb5_4308,5
genb5_4310,5
genb5_4311,5
genb5_4320,5
genb5_4323,5
genb5_4338,5
genb5_4345,5
genb5_4355,5
genb5_4364,5
genb5_4381,5
genb5_4404,5
genb5_4416,5
genb5_4417,5
genb5_4425,5
genb5_4436,5
genb5_4451,5
genb5_4457,5
genb5_4460,5
genb5_4489,5
genb5_4513,5
genb5_4521,5
genb5_4526,5
genb5_4530,5
genb5_4535,5
genb5_4542,5
genb5_4576,5
genb5_4599,5
genb5_4603,5
genb5_4615,5
genb5_4623,5
genb5_4625,5
genb5_4627,5
genb5_4635,5
genb5_4640,5
genb5_4696,5
genb5_4716,5
genb5_4731,5
genb5_4740,5
genb5_4747,5
genb5_4766,5
genb5_4767,5
genb5_4770,5
genb5_4772,5
genb5_4818,5
genb5_4823,5
genb5_4829,5
genb5_4837,5
genb5_4840,5
genb5_4845,5
genb5_4853,5
genb5_4858,5
genb5_4861,5
genb5_4862,5
genb5_4868,5
genb5_4871,5
genb5_4880,5
genb5_4881,5
genb5_4894,5
genb5_4900,5
genb5_4901,5
genb5_4914,5
genb5_4920,5
genb5_4922,5
genb5_4923,5
genb5_4956,5
genb5_4964,5
genb5_4965,5
genb5_4969,5
genb5_4970,5
genb5_4973,5
genb5_4982,5
genb5_4995,5
genb5_5004,5
genb5_5014,5
genb5_5026,5
genb5_5029,5
genb5_5042,5
genb5_5080,5
genb5_5082,5
genb5_5088,5
genb5_5104,5
genb5_5114,5
genb5_5121,5
genb5_5128,5
genb5_5132,5
genb5_5147,5
genb5_5148,5
genb5_5150,5
genb5_5153,5
genb5_5169,5
genb5_5170,5
genb5_5177,5
genb5_5178,5
genb5_5187,5
genb5_5190,5
genb5_5199,5
genb5_5201,5
genb5_5202,5
genb5_5206,5
genb5_5218,5
genb5_5220,5
genb5_5221,5
genb5_5228,5
genb5_5236,5
genb5_5239,5
genb5_5247,5
genb5_5264,5
genb5_5266,5
genb5_5267,5
genb5_5279,5
genb5_5285,5
genb5_5293,5
genb5_5325,5
genb5_5328,5
genb5_5331,5
genb5_5341,5
genb5_5349,5
genb5_5363,5
genb5_5374,5
genb5_5394,5
genb5_5396,5
genb5_5429,5
genb5_5430,5
genb5_5432,5
genb5_5448,5
genb5_5467,5
genb5_5475,5
genb5_5480,5
genb5_5482,5
genb5_5487,5
genb5_5507,5
genb5_5531,5
genb5_5547,5
genb5_5556,5
genb5_5560,5
genb5_5571,5
genb5_5582,5
genb5_5594,5
genb5_5601,5
genb5_5610,5
genb5_5615,5
genb5_5621,5
genb5_5623,5
genb5_5630,5
genb5_5635,5
genb5_5658,5
genb5_5665,5
genb5_5668,5
genb5_5670,5
genb5_5715,5
genb5_5721,5
genb5_5723,5
genb5_5749,5
genb5_5755,5
genb5_5759,5
genb5_5760,5
genb5_5768,5
genb5_5776,5
genb5_5783,5
genb5_5792,5
genb5_5798,5
genb5_5806,5
genb5_5815,5
genb5_5834,5
genb5_5839,5
genb5_5841,5
genb5_5855,5
genb5_5860,5
genb5_5861,5
genb5_5862,5
genb5_5867,5
genb5_5871,5
genb5_5874,5
genb5_5875,5
genb5_5879,5
genb5_5885,5
genb5_5891,5
genb5_5895,5
genb5_5899,5
genb5_5909,5
genb5_5919,5
genb5_5952,5
genb5_5953,5
genb5_5959,5
genb5_5967,5
genb5_5968,5
genb5_5970,5
genb5_5971,5
genb5_5982,5
genb5_5987,5
genb5_5993,5
genb5_6003,5
genb5_6006,5
genb5_6010,5
genb5_6012,5
genb5_6024,5
genb5_6040,5
genb5_6062,5
genb5_6075,5
genb5_6081,5
genb5_6086,5
genb5_6088,5
genb5_6093,5
genb5_6135,5
genb5_6137,5
genb5_6141,5
genb5_6147,5
genb5_6148,5
genb5_6151,5
genb5_6162,5
genb5_6164,5
genb5_6179,5
genb5_6185,5
genb5_6200,5
genb5_6204,5
genb5_6210,5
genb5_6221,5
genb5_6238,5
genb5_6252,5
genb5_6256,5
genb5_6261,5
genb5_6262,5
genb5_6267,5
genb5_6270,5
genb5_6278,5
genb5_6285,5
genb5_6298,5
genb5_6314,5
genb5_6319,5
genb5_6322,5
genb5_6334,5
genb5_6337,5
genb5_6340,5
genb5_6358,5
genb5_6369,5
genb5_6372,5
genb5_6379,5
genb5_6383,5
genb5_6395,5
genb5_6399,5
genb5_6416,5
genb5_6421,5
genb5_6448,5
genb5_6451,5
genb5_6459,5
genb5_6462,5
genb5_6520,5
genb5_6521,5
genb5_6526,5
genb5_6532,5
genb5_6541,5
genb5_6546,5
genb5_6548,5
genb5_6553,5
genb5_6563,5
genb5_6564,5
genb5_6579,5
genb5_6591,5
genb5_6594,5
genb5_6613,5
genb5_6644,5
genb5_6646,5
genb5_6648,5
genb5_6649,5
genb5_6651,5
genb5_6678,5
genb5_6686,5
genb5_6700,5
genb5_6709,5
genb5_6713,5
genb5_6714,5
genb5_6721,5
genb5_6728,5
genb5_6735,5
genb5_6757,5
genb5_6772,5
genb5_6783,5
genb5_6784,5
genb5_6785,5
genb5_6807,5
genb5_6812,5
genb5_6835,5
genb5_6836,5
genb5_6838,5
genb5_6845,5
genb5_6851,5
genb5_6854,5
genb5_6873,5
genb5_6876,5
genb5_6877,5
genb5_6878,5
genb5_6880,5
genb5_6886,5
genb5_6902,5
genb5_6913,5
genb5_6933,5
genb5_6937,5
genb5_6954,5
genb5_6961,5
genb5_6972,5
genb5_6974,5
genb5_6980,5
genb5_6981,5
genb5_6984,5
genb5_6988,5
genb5_6989,5
genb5_6992,5
genb5_6999,5
