iter_count,D_loss_real_cls_all,d_real_train_accuracy_all,test_loss_all,test_accuracy_all
1,1.9502339905548658,0.3338484179543782,1.2907293023003472,0.5577777777777778
2,1.328728605807924,0.5391464311994113,1.1176258002387154,0.5955555555555555
3,1.1370607175398961,0.5799852832965415,2.283959689670139,0.12666666666666668
4,1.047869873046875,0.6089036055923474,3.974939236111111,0.03777777777777778
5,0.9846039065374356,0.6252391464311994,4.946587999131944,0.013333333333333334
6,0.9429321962739722,0.640691685062546,4.998924696180556,0.02
7,0.9040398222282584,0.6524650478292863,6.036891818576389,0.008888888888888889
8,0.8891201173671472,0.6573215599705666,4.27816650390625,0.035555555555555556
9,0.8687897963590531,0.6712288447387785,6.551488172743055,0.008888888888888889
10,0.8382326419428923,0.6835908756438558,4.783315972222222,0.015555555555555555
11,0.8058248243409102,0.7018395879323032,4.325863172743055,0.02666666666666667
12,0.7685648465524972,0.7107431935246504,5.0839615885416665,0.028888888888888888
13,0.7484364221164459,0.7196467991169978,5.717210828993055,0.015555555555555555
14,0.7084897881312087,0.7407652685798382,4.749635959201389,0.04666666666666667
15,0.694613420656273,0.7466519499632083,4.829199761284722,0.044444444444444446
16,0.6817799728876357,0.7527593818984547,4.937937282986111,0.042222222222222223
17,0.6529280482187615,0.7637233259749816,4.3307486979166665,0.057777777777777775
18,0.6296460957979787,0.7727740986019132,3.949357638888889,0.06888888888888889
19,0.6061537180515315,0.7851361295069904,4.295007595486111,0.06666666666666667
20,0.5730640492779617,0.7966887417218543,4.649470486111111,0.06
21,0.5503051308694352,0.8083885209713024,5.350365125868056,0.06
22,0.5336722423786446,0.8163355408388521,3.3503531901041668,0.08888888888888889
23,0.49501791217907815,0.8298749080206034,3.974240180121528,0.08
24,0.471983861747781,0.840103016924209,4.089351128472222,0.1
25,0.45572631252083906,0.8466519499632083,3.1525840928819444,0.12
26,0.4267154943425485,0.8587196467991169,2.9964827473958335,0.13777777777777778
27,0.40215052814497676,0.866225165562914,3.081987575954861,0.15333333333333332
28,0.3925364670462254,0.8679175864606328,2.630635308159722,0.17777777777777778
29,0.38125174482400315,0.8735835172921266,2.0477479383680555,0.25555555555555554
30,0.3550246844316248,0.8803532008830022,2.2394303385416667,0.21555555555555556
31,0.34645731114042955,0.8871228844738779,1.7880543348524305,0.30444444444444446
32,0.3427097031436833,0.8844002943340692,1.8027737087673612,0.2911111111111111
33,0.3219630338936891,0.893598233995585,2.047352837456597,0.23333333333333334
34,0.30826603971569744,0.8961736571008094,1.66338134765625,0.31777777777777777
35,0.3014217733196514,0.9008094186902134,1.4202859157986112,0.3977777777777778
36,0.288910365718704,0.9041206769683591,1.1548495822482638,0.49333333333333335
37,0.29100960681682303,0.9044885945548197,1.051209988064236,0.5266666666666666
38,0.2802012945291661,0.9054451802796174,0.9295326741536458,0.6333333333333333
39,0.2697523766883249,0.9086092715231788,1.072222900390625,0.52
40,0.2680133485548456,0.9103752759381899,1.0930367024739582,0.5066666666666667
41,0.2609970699082937,0.9126563649742457,0.9186355251736111,0.6177777777777778
42,0.25660347282404056,0.9122884473877851,1.0120596652560765,0.5288888888888889
43,0.2615009400491946,0.9089771891096394,0.9915549045138888,0.5377777777777778
44,0.2536388371953901,0.9136865342163355,0.9853722466362848,0.54
45,0.24499571563743158,0.9150110375275938,0.9111142985026042,0.6
46,0.2503424671838352,0.9164091243561442,0.8854771592881945,0.6466666666666666
47,0.24220653362709252,0.9200147167034585,0.7890762668185763,0.7311111111111112
48,0.23814610473542988,0.9152317880794701,0.7599953884548611,0.7488888888888889
49,0.23230694005206895,0.9217807211184694,0.7611960177951389,0.7533333333333333
50,0.2252658554874333,0.923252391464312,0.7647711181640625,0.7533333333333333
51,0.23002973701078458,0.9228108903605592,0.8027896457248264,0.7222222222222222
52,0.2263852746105966,0.9243561442236939,0.7764948187934028,0.7266666666666667
53,0.2182581089628892,0.9246504782928624,0.7415069580078125,0.7511111111111111
54,0.21792998998107235,0.9265636497424576,0.7083181423611111,0.7644444444444445
55,0.21561759404174716,0.9236938925680648,0.7419585503472222,0.76
56,0.21131924817981398,0.9270787343635025,0.6969264729817708,0.7777777777777778
57,0.21252730076939327,0.9248712288447388,0.7200398763020833,0.7577777777777778
58,0.21230158409360053,0.9243561442236939,0.7036726209852431,0.7644444444444445
59,0.20720772873048313,0.9270787343635025,0.7242685275607639,0.7555555555555555
60,0.20871853860008796,0.9258278145695364,0.6803705512152778,0.78
61,0.21029662636819352,0.9270051508462105,0.6783162434895833,0.7777777777777778
62,0.20480700023390072,0.9273730684326711,0.6695433213975694,0.78
63,0.2026342149163275,0.9281089036055924,0.6698291693793402,0.7777777777777778
64,0.19969303785131817,0.9288447387785136,0.6892498101128472,0.7644444444444445
65,0.20478205621198664,0.9295069904341428,0.6751538764105903,0.7688888888888888
66,0.198972743289097,0.9300220750551876,0.6594502766927083,0.7711111111111111
67,0.19839940355313535,0.9287711552612214,0.6598114691840278,0.7822222222222223
68,0.19929471496626944,0.9315673289183223,0.6631338161892361,0.7755555555555556
69,0.19631089525594705,0.932008830022075,0.6688736979166666,0.7688888888888888
70,0.19469396887323803,0.932597498160412,0.6469772677951389,0.7711111111111111
71,0.19354492816265406,0.9308314937454011,0.6404463026258681,0.7822222222222223
72,0.19484601108531377,0.9348050036791758,0.641944580078125,0.7866666666666666
73,0.18376293056058568,0.9353200883002207,0.6353676350911458,0.7955555555555556
74,0.19406270412419804,0.9306843267108168,0.6296485731336805,0.7866666666666666
75,0.18670535168286367,0.9345842531272995,0.6267819552951389,0.7911111111111111
76,0.18343361074912187,0.9326710816777042,0.626915283203125,0.7866666666666666
77,0.18657123602164677,0.9323767476085357,0.6101394314236112,0.7911111111111111
78,0.1846024833943056,0.9357615894039735,0.6120221625434028,0.7911111111111111
79,0.18219126181360376,0.9341427520235467,0.6129182942708333,0.7866666666666666
80,0.17756640818120803,0.9356880058866813,0.6126769341362848,0.7866666666666666
81,0.18296688436321515,0.9333333333333333,0.5998455132378472,0.7866666666666666
82,0.1893892469258761,0.9353200883002207,0.6085326470269097,0.7866666666666666
83,0.17665136251667127,0.9380426784400294,0.6145131429036458,0.7955555555555556
84,0.17355773791045806,0.9367917586460632,0.6045370144314236,0.7933333333333333
85,0.17070838754189374,0.9378219278881531,0.5926951768663195,0.7933333333333333
86,0.17500737339718717,0.9368653421633554,0.5972294786241319,0.7888888888888889
87,0.17546749606213208,0.9359087564385578,0.6047340901692708,0.8
88,0.174652300589746,0.9387049300956586,0.6164128960503472,0.7933333333333333
89,0.17153150096722083,0.9373068432671081,0.6141741265190972,0.8
90,0.17702155039536768,0.9373804267844003,0.6427480061848958,0.7866666666666666
91,0.17512836245774696,0.9384841795437822,0.6099875895182292,0.8
92,0.16985210449578045,0.9389256806475349,0.5974930148654514,0.7888888888888889
93,0.17159994095892833,0.9395879323031641,0.5945918782552083,0.7977777777777778
94,0.1679525402032601,0.9396615158204562,0.6155374484592014,0.8088888888888889
95,0.1647505040902088,0.9406181015452538,0.5818916151258681,0.8044444444444444
96,0.16745385400857707,0.9417218543046357,0.58323974609375,0.8133333333333334
97,0.1649866812890553,0.9408388520971303,0.5684752739800347,0.8088888888888889
98,0.16013337978113215,0.94186902133922,0.5623733520507812,0.8022222222222222
99,0.1642143277581603,0.9420161883738043,0.5662968953450521,0.8155555555555556
100,0.16505825107285343,0.9425312729948492,0.564931165907118,0.8044444444444444
101,0.16043175366803775,0.9410596026490067,0.5641100056966146,0.8155555555555556
102,0.15671918250077607,0.9440029433406917,0.5650215657552083,0.8244444444444444
103,0.15726129898172342,0.944738778513613,0.5638562689887153,0.8088888888888889
104,0.15550242880848597,0.9444444444444444,0.5515409003363715,0.8222222222222222
105,0.1641919234993705,0.9413539367181751,0.5405155097113715,0.8133333333333334
106,0.1582181457564443,0.9437821927888153,0.5387716674804688,0.82
107,0.15527350262213138,0.9456217807211185,0.5411208089192708,0.8155555555555556
108,0.1556159877706925,0.9458425312729949,0.5489202541775173,0.8177777777777778
109,0.15331415396740192,0.9459161147902869,0.5447314792209201,0.8244444444444444
110,0.16109684880293845,0.9446651949963208,0.5422217475043403,0.8266666666666667
111,0.1608408138451987,0.9420897718910964,0.5460018581814237,0.8177777777777778
112,0.15833585737732248,0.9435614422369389,0.5470685831705729,0.8111111111111111
113,0.15370583102666252,0.9444444444444444,0.5458919270833333,0.8311111111111111
114,0.15004163774345797,0.9471670345842531,0.5344542439778646,0.82
115,0.15224781218831202,0.94532744665195,0.5495885552300347,0.8311111111111111
116,0.15313965472515406,0.9457689477557027,0.5300198025173611,0.8355555555555556
117,0.14703206896694204,0.9459161147902869,0.5269552951388888,0.8333333333333334
118,0.14737484267391293,0.9478292862398823,0.536305677625868,0.8177777777777778
119,0.1466914914477126,0.9473877851361295,0.535249769422743,0.8266666666666667
120,0.14524835638477138,0.9463576158940398,0.5364638943142361,0.8244444444444444
121,0.1434529240645408,0.9479028697571744,0.5314181518554687,0.82
122,0.14485236386151065,0.9466519499632082,0.5116983710394966,0.8422222222222222
123,0.14569583019848867,0.9484915378955114,0.5161444430881076,0.8333333333333334
124,0.143544631183279,0.9495952906548933,0.5044100952148437,0.8377777777777777
125,0.1413886019023926,0.9489330389992642,0.5143216281467013,0.8333333333333334
126,0.14364862954291988,0.9463576158940398,0.4965429009331597,0.8355555555555556
127,0.14259723722276835,0.9492273730684326,0.5167760891384549,0.8333333333333334
128,0.14330592937904565,0.9484915378955114,0.5081425306532118,0.8266666666666667
129,0.13883228989714116,0.9509933774834437,0.512220221625434,0.8288888888888889
130,0.13995077541595527,0.9490802060338485,0.5131148613823785,0.8222222222222222
131,0.1416955870683795,0.948270787343635,0.5256443617078993,0.8222222222222222
132,0.138312409817076,0.9474613686534217,0.5169086371527778,0.8288888888888889
133,0.13849736845958224,0.9484915378955114,0.5154348415798611,0.8333333333333334
134,0.13960107686854706,0.948270787343635,0.4982940673828125,0.8377777777777777
135,0.1352880740358691,0.9504047093451067,0.5097142876519097,0.8333333333333334
136,0.13925255781767384,0.9498896247240618,0.5085406155056423,0.8355555555555556
137,0.13723760440649577,0.9501839587932304,0.5110934448242187,0.8355555555555556
138,0.13366075674341915,0.9501103752759382,0.4985358683268229,0.8333333333333334
139,0.13666310089313433,0.9507726269315673,0.4916910807291667,0.8266666666666667
140,0.1349147827507732,0.9526857983811626,0.5168614027235243,0.8311111111111111
141,0.13440474004233208,0.9527593818984548,0.4984294637044271,0.84
142,0.13360640446520447,0.9529065489330389,0.5117589314778646,0.8377777777777777
143,0.13472014617358524,0.9501839587932304,0.4890582275390625,0.8444444444444444
144,0.13308447079240968,0.9513612950699043,0.5091880967881944,0.8377777777777777
145,0.13242371133182573,0.9524650478292862,0.4961728244357639,0.8288888888888889
146,0.12780270158937523,0.9537159676232524,0.5019614664713542,0.8311111111111111
147,0.1262602311359599,0.9538631346578367,0.4990146213107639,0.8333333333333334
148,0.12802967579598107,0.9519499632082413,0.4810148790147569,0.8488888888888889
149,0.13558132966008582,0.9526857983811626,0.5046302625868055,0.8466666666666667
150,0.12476778009343095,0.9547461368653422,0.5040830824110243,0.84
151,0.12550963064254075,0.9547461368653422,0.49061570909288194,0.8444444444444444
152,0.12956042033596193,0.9534216335540839,0.4901706949869792,0.8466666666666667
153,0.12463485347250966,0.9551876379690949,0.49835069444444446,0.86
154,0.12640196777074278,0.9523914643119941,0.5123419189453124,0.8422222222222222
155,0.12691356555076974,0.9537895511405445,0.4842010498046875,0.8422222222222222
156,0.12394632391406825,0.9545253863134657,0.5145092434353299,0.8311111111111111
157,0.12073575343341841,0.9545989698307579,0.5000228203667535,0.84
158,0.1246449872621111,0.9551140544518028,0.5061613972981771,0.8466666666666667
159,0.12555416295245958,0.9530537159676232,0.5047600979275174,0.8444444444444444
160,0.12011577614622138,0.9559970566593083,0.5004806179470486,0.8377777777777777
161,0.12132853830097527,0.9537159676232524,0.496987067328559,0.8422222222222222
162,0.11817304879273449,0.9563649742457689,0.4949550035264757,0.8466666666666667
163,0.12073468902340875,0.9574687270051508,0.48046563042534723,0.8533333333333334
164,0.12430068206225711,0.9534216335540839,0.4796097479926215,0.8422222222222222
165,0.1212745531768462,0.9551140544518028,0.49784840901692706,0.84
166,0.11956853635000604,0.9577630610743193,0.4845468139648437,0.8422222222222222
167,0.11705721307099085,0.9557763061074319,0.4777313232421875,0.8511111111111112
168,0.12125976427764555,0.9556291390728476,0.4954484388563368,0.8555555555555555
169,0.11763267601299496,0.9571008094186902,0.4792250569661458,0.8555555555555555
170,0.11741032940750178,0.9576158940397351,0.481676025390625,0.8466666666666667
171,0.11801506194057844,0.9573215599705666,0.4871301947699653,0.8288888888888889
172,0.1191201525106423,0.9559234731420162,0.4736100599500868,0.8422222222222222
173,0.1168794487398104,0.9560706401766005,0.4826242404513889,0.8333333333333334
174,0.11733456373741032,0.9574687270051508,0.47792439778645834,0.84
175,0.11639229028517925,0.9571008094186902,0.47795789930555554,0.8533333333333334
176,0.11408095763306832,0.9582045621780722,0.48323652479383683,0.8511111111111112
177,0.11553318902269016,0.9570272259013981,0.4791039021809896,0.8466666666666667
178,0.12079942098341065,0.9566593083149375,0.48180348714192706,0.8577777777777778
179,0.11285954714698596,0.9591611479028698,0.47269056532118053,0.8577777777777778
180,0.11536414095195802,0.9571743929359824,0.4908882310655382,0.8422222222222222
181,0.10857234727467922,0.9596762325239147,0.47931952582465276,0.8555555555555555
182,0.11956491421214617,0.9565857247976454,0.4754995388454861,0.8577777777777778
183,0.11103132807918994,0.9598233995584989,0.4797593180338542,0.8444444444444444
184,0.11088344077137659,0.9609271523178808,0.48632781982421874,0.8377777777777777
185,0.11294707858974747,0.9580573951434879,0.49802225748697915,0.8355555555555556
186,0.10959885283548047,0.9610007358351729,0.49345425075954863,0.8533333333333334
187,0.11093028042577838,0.9584253127299485,0.4738869222005208,0.8555555555555555
188,0.11091829458521604,0.9595290654893304,0.5046255832248264,0.8511111111111112
189,0.11178410511143161,0.9566593083149375,0.46737718370225695,0.86
190,0.11158892790827354,0.9587932303164092,0.4845329115125868,0.8644444444444445
191,0.11016654154235077,0.9601913171449595,0.47497378879123264,0.8533333333333334
192,0.10661479003996073,0.9612214863870493,0.4889328342013889,0.8444444444444444
193,0.10927070129259796,0.9596026490066225,0.48001976860894097,0.8488888888888889
194,0.11087100468987135,0.9576894775570273,0.4872222900390625,0.8533333333333334
195,0.10479328753406111,0.9615158204562179,0.4663174777560764,0.8577777777777778
196,0.10776196129625558,0.9597498160412068,0.4691552056206597,0.8577777777777778
197,0.10915418825577602,0.9595290654893304,0.4793580457899306,0.8488888888888889
198,0.10380190469659015,0.9596026490066225,0.48546200222439234,0.8466666666666667
199,0.10581474556828177,0.9593818984547461,0.477356940375434,0.86
200,0.10245140867254329,0.9607799852832966,0.4572882080078125,0.8533333333333334
201,0.10359478600328682,0.9638704930095658,0.4894975111219618,0.8555555555555555
202,0.11108025501018241,0.9599705665930831,0.49545430501302085,0.8355555555555556
203,0.10590187785728966,0.9609271523178808,0.48348025851779514,0.8488888888888889
204,0.10723518837542109,0.9587932303164092,0.4650769721137153,0.8444444444444444
205,0.1010669528604694,0.9617365710080942,0.47472252739800347,0.8377777777777777
206,0.1031445933405839,0.9627667402501839,0.4808368937174479,0.8422222222222222
207,0.10160974610632531,0.9626195732155997,0.4873798624674479,0.86
208,0.10382331808846694,0.9615894039735099,0.4799778578016493,0.86
209,0.10351290390542363,0.9642384105960264,0.4646133083767361,0.8555555555555555
210,0.10766342084490262,0.9615894039735099,0.4717299058702257,0.8466666666666667
211,0.10673063725912896,0.961662987490802,0.46457044813368054,0.8466666666666667
212,0.09964216118616774,0.9635025754231052,0.454713372124566,0.8577777777777778
213,0.10209871787547714,0.9631346578366445,0.47559878879123263,0.8466666666666667
214,0.09861936842895239,0.9631346578366445,0.4503937106662326,0.8711111111111111
215,0.09561683031633726,0.964532744665195,0.47841461181640627,0.8533333333333334
216,0.09773092768137906,0.9649742457689477,0.4723829142252604,0.8622222222222222
217,0.09761407106917426,0.9640176600441501,0.4707033284505208,0.8666666666666667
218,0.09592514824042696,0.9658572479764532,0.4652207777235243,0.8622222222222222
219,0.09966537610321381,0.9624724061810155,0.4660415310329861,0.8488888888888889
220,0.0983023974016539,0.9635761589403974,0.46051615397135415,0.8533333333333334
221,0.09838952856786642,0.9642384105960264,0.45230414496527777,0.86
222,0.09947160407845987,0.963944076526858,0.45254886203342015,0.8666666666666667
223,0.0975032949552894,0.963944076526858,0.4656245930989583,0.8444444444444444
224,0.09773598980429946,0.9643855776306107,0.45307328965928817,0.86
225,0.0985742924053762,0.9640912435614423,0.4518843587239583,0.8488888888888889
226,0.09729384702299342,0.9654157468727005,0.45735198974609376,0.8577777777777778
227,0.1007050930357225,0.9638704930095658,0.4662021213107639,0.86
228,0.09766803766717974,0.9640176600441501,0.46813032362196183,0.8622222222222222
229,0.09179284865580735,0.9672553348050037,0.44694980197482637,0.8688888888888889
230,0.09595603409543293,0.9651949963208242,0.4510936482747396,0.8688888888888889
231,0.09241581229798666,0.9666666666666667,0.447673102484809,0.86
232,0.09260919050226499,0.9654157468727005,0.48151116265190974,0.8533333333333334
233,0.09435601308119482,0.9652685798381163,0.4284598117404514,0.8711111111111111
234,0.09435312693569922,0.9659308314937454,0.4461551581488715,0.8533333333333334
235,0.09854536189850505,0.9646063281824871,0.4427171156141493,0.8622222222222222
236,0.09877878712590255,0.9647534952170713,0.44948143853081596,0.86
237,0.09744010683891964,0.9663723325974981,0.45776957194010415,0.8533333333333334
238,0.08875755691809019,0.9665930831493745,0.42801289876302084,0.8688888888888889
239,0.09343712521090589,0.9652685798381163,0.45267618815104166,0.8644444444444445
240,0.09256830194401688,0.9656364974245769,0.464208001030816,0.84
241,0.09521480950474125,0.9657836644591612,0.44306576199001735,0.8511111111111112
242,0.09413654195464122,0.9647534952170713,0.4399433051215278,0.8577777777777778
243,0.0904155419625457,0.9659308314937454,0.4511782836914062,0.8555555555555555
244,0.09311561556402773,0.9654157468727005,0.4660497029622396,0.8488888888888889
245,0.0995312761611321,0.96747608535688,0.45296566433376734,0.8555555555555555
246,0.09293630289803366,0.9668874172185431,0.4347520277235243,0.8622222222222222
247,0.09120828994852029,0.9675496688741722,0.43723276774088543,0.8622222222222222
248,0.08985523002124868,0.9655629139072848,0.4455266316731771,0.8644444444444445
249,0.0885870090734441,0.9665194996320824,0.43564771864149304,0.8666666666666667
250,0.08600298647848975,0.9678440029433407,0.44698594835069444,0.8488888888888889
251,0.08891880352590083,0.9666666666666667,0.43050116644965275,0.8577777777777778
252,0.08982825991509152,0.9667402501839588,0.4470947943793403,0.8644444444444445
253,0.0869253976806461,0.9693892568064754,0.43457207573784723,0.8666666666666667
254,0.08925841600251075,0.9666666666666667,0.4334933471679687,0.8555555555555555
255,0.09029154717878352,0.9660779985283297,0.44394307454427084,0.8577777777777778
256,0.08371658156776007,0.9688741721854305,0.438440178765191,0.8688888888888889
257,0.08475378877192055,0.9686534216335541,0.4337472195095486,0.8622222222222222
258,0.08837685686775303,0.9676968359087564,0.42334726969401043,0.8666666666666667
259,0.08467402426612299,0.9685062545989699,0.4440263875325521,0.86
260,0.08875786540611778,0.9676968359087564,0.44672071668836805,0.8577777777777778
261,0.08664539497156543,0.9687270051508462,0.4455829874674479,0.8488888888888889
262,0.08450621042820002,0.9699779249448124,0.44301378038194444,0.86
263,0.08859181604111695,0.968064753495217,0.4415105862087674,0.8511111111111112
264,0.08547640359077145,0.9687270051508462,0.4326627604166667,0.8688888888888889
265,0.07879348738040882,0.9704930095658573,0.427396240234375,0.8666666666666667
266,0.08535626897748733,0.9678440029433407,0.44855367024739584,0.86
267,0.08500313495694933,0.9668874172185431,0.4415987481011285,0.8577777777777778
268,0.08982799156699836,0.9677704194260486,0.4566633097330729,0.8644444444444445
269,0.08662352656686542,0.9686534216335541,0.44705064561631946,0.86
270,0.08001550586018341,0.970345842531273,0.43547288682725693,0.8666666666666667
271,0.08142290262723337,0.9692420897718911,0.4482394748263889,0.8688888888888889
272,0.0842882733208191,0.9695364238410596,0.45260877821180556,0.86
273,0.08744117057525208,0.9676968359087564,0.4326943630642361,0.8711111111111111
274,0.07819026977898356,0.9699779249448124,0.4480777316623264,0.8644444444444445
275,0.08658082722038622,0.9685062545989699,0.4369720458984375,0.8622222222222222
276,0.0834204448506269,0.96747608535688,0.4388339233398437,0.86
277,0.08417763839845187,0.9691685062545989,0.44413099500868053,0.8555555555555555
278,0.07749542842637624,0.9694628403237675,0.44790242513020834,0.86
279,0.08104256832748762,0.9693156732891832,0.44485748291015625,0.86
280,0.08012631144744671,0.97093451066961,0.4396375189887153,0.8511111111111112
281,0.08032699399699701,0.9708609271523179,0.4616471693250868,0.8577777777777778
282,0.0811797177817911,0.9713760117733627,0.45140051947699655,0.8511111111111112
283,0.0855499233894264,0.9685798381162619,0.44624979654947916,0.8577777777777778
284,0.08680255628842655,0.9678440029433407,0.4695089721679688,0.8488888888888889
285,0.08083533117927287,0.9702722590139808,0.4541839599609375,0.86
286,0.08057584250297856,0.9707137601177336,0.4484206136067708,0.8644444444444445
287,0.07900113715592161,0.9699779249448124,0.45154039171006943,0.8733333333333333
288,0.07817467527410579,0.9722590139808683,0.457391594780816,0.86
289,0.07659156131253161,0.972111846946284,0.46365949842664933,0.86
290,0.07962690722512532,0.970345842531273,0.45002685546875,0.8644444444444445
291,0.07942168605599534,0.9711552612214864,0.4523982069227431,0.8711111111111111
292,0.07745675402059549,0.9704930095658573,0.46346476236979167,0.8555555555555555
293,0.07941245218688202,0.9713760117733627,0.4575234985351562,0.8666666666666667
294,0.07799541116901142,0.971523178807947,0.45851314968532986,0.8577777777777778
295,0.07772069907170871,0.9729948491537895,0.4627588907877604,0.8644444444444445
296,0.07510684997917888,0.9713760117733627,0.45827823215060765,0.8644444444444445
297,0.07464799326601232,0.9724797645327447,0.45777916802300345,0.8622222222222222
298,0.07982574025000432,0.9725533480500368,0.4565249294704861,0.8622222222222222
299,0.07423145218400766,0.9726269315673289,0.45101226806640626,0.8577777777777778
300,0.0738639873647795,0.9714495952906549,0.4434458414713542,0.8711111111111111
301,0.0765989375167072,0.9707137601177336,0.44277625189887154,0.8644444444444445
302,0.07433316621647064,0.9727005150846211,0.43712883843315975,0.8733333333333333
303,0.07988944765923214,0.9706401766004416,0.4366740926106771,0.8666666666666667
304,0.07340437501032972,0.9721854304635762,0.4451116604275174,0.8577777777777778
305,0.07626384092307073,0.9713760117733627,0.4444849650065104,0.8622222222222222
306,0.0724730780056244,0.9736571008094187,0.4246476576063368,0.8688888888888889
307,0.07404320655805911,0.9747608535688006,0.44337809244791665,0.8644444444444445
308,0.07351885550683522,0.9732891832229581,0.44687225341796877,0.8533333333333334
309,0.07483644127582609,0.9720382634289919,0.4429057820638021,0.86
310,0.07581253865784456,0.9723325974981604,0.43734490288628475,0.8666666666666667
311,0.07213188210684557,0.9738778513612951,0.4400478786892361,0.8622222222222222
312,0.07609184551449538,0.9727740986019132,0.446200934516059,0.86
313,0.07121767685464238,0.9740250183958793,0.4440622287326389,0.8644444444444445
314,0.0733510725457849,0.9728476821192052,0.4428668891059028,0.8755555555555555
315,0.07320623727648289,0.9727740986019132,0.44110107421875,0.8622222222222222
316,0.07195015655360387,0.9739514348785872,0.4405181884765625,0.8644444444444445
317,0.07032410886201725,0.9740986019131714,0.44222225613064237,0.8644444444444445
318,0.06987903446200316,0.9728476821192052,0.44931321885850695,0.8644444444444445
319,0.07228752680786223,0.9736571008094187,0.445381096733941,0.8644444444444445
320,0.07463394428895974,0.9728476821192052,0.448436041937934,0.8666666666666667
321,0.07390998969453498,0.9740250183958793,0.455560302734375,0.8666666666666667
322,0.06941240098741319,0.9757910228108904,0.43606808132595487,0.8666666666666667
323,0.06871292445482446,0.9752023546725533,0.4325749715169271,0.8577777777777778
324,0.06951856437722403,0.9745401030169242,0.4358018324110243,0.8755555555555555
325,0.07249514879418963,0.9754231052244298,0.45097686767578127,0.8644444444444445
326,0.07067645889068895,0.9753495217071376,0.43153611924913193,0.8688888888888889
327,0.07175415634144046,0.9735835172921266,0.44629984537760414,0.8688888888888889
328,0.06488063074017904,0.977336276674025,0.43414225260416667,0.8711111111111111
329,0.07012098086415362,0.9751287711552612,0.43760067409939235,0.8622222222222222
330,0.07202580404948276,0.9732891832229581,0.4462234836154514,0.8688888888888889
331,0.07197051844761773,0.973804267844003,0.4477381388346354,0.8688888888888889
332,0.07292993754652864,0.9728476821192052,0.432350836859809,0.8733333333333333
333,0.06583964198367222,0.9763796909492274,0.45597476535373266,0.8711111111111111
334,0.07047584763864456,0.9754966887417219,0.4462268744574653,0.8644444444444445
335,0.070613859961189,0.974466519499632,0.44295128716362847,0.8688888888888889
336,0.06630724358856897,0.974466519499632,0.4397575208875868,0.8688888888888889
337,0.07093386197458566,0.974466519499632,0.43665225558810766,0.8644444444444445
338,0.0670376885016233,0.9763061074319352,0.4316678195529514,0.8688888888888889
339,0.06598973221599924,0.9749816041206769,0.4528780110677083,0.8555555555555555
340,0.06630030246759883,0.976158940397351,0.43291527642144095,0.8711111111111111
341,0.07003212311936267,0.9749080206033849,0.4421487087673611,0.8688888888888889
342,0.06771812158266001,0.9750551876379691,0.4530558607313368,0.86
343,0.06519391029700362,0.9755702722590139,0.4225045776367187,0.8733333333333333
344,0.06822344602426245,0.9749080206033849,0.4376041666666667,0.86
345,0.06730072436918662,0.976158940397351,0.4290144178602431,0.8711111111111111
346,0.07142838035285955,0.973804267844003,0.44762813991970485,0.86
347,0.06850421784817076,0.9757174392935982,0.4432793172200521,0.8622222222222222
348,0.07060798016254125,0.9747608535688006,0.440482415093316,0.8688888888888889
349,0.06802403167208124,0.9752023546725533,0.44268934461805554,0.86
350,0.06922301572416528,0.9742457689477557,0.4456231689453125,0.8688888888888889
351,0.06589276480095803,0.9759381898454746,0.4404202609592014,0.8666666666666667
352,0.06316892274431309,0.9774098601913171,0.42911549886067707,0.8733333333333333
353,0.0646658077057536,0.9760117733627668,0.44471730550130206,0.8644444444444445
354,0.06712221085279632,0.9753495217071376,0.4219658067491319,0.8688888888888889
355,0.06997663288804168,0.9752023546725533,0.43035142686631944,0.8622222222222222
356,0.0645757320086863,0.9754966887417219,0.4223951890733507,0.8666666666666667
357,0.06878222254289258,0.9756438557763061,0.42220665825737846,0.8777777777777778
358,0.06282507536427075,0.9771155261221487,0.4450212944878472,0.8688888888888889
359,0.06471167642286019,0.9771155261221487,0.4453497992621528,0.86
360,0.06504339620942487,0.9757174392935982,0.44126244439019097,0.8622222222222222
361,0.0718490943038525,0.9737306843267108,0.4325520155164931,0.8688888888888889
362,0.06384028476156497,0.977924944812362,0.43883456759982636,0.8711111111111111
363,0.06342435055045717,0.9766004415011037,0.44412889268663197,0.86
364,0.06683023296970932,0.9766004415011037,0.44286417643229165,0.8622222222222222
365,0.06957351622816567,0.9746872700515085,0.44800760904947917,0.8711111111111111
366,0.06292851401042025,0.9757910228108904,0.4464077419704861,0.88
367,0.0653512462085446,0.9758646063281825,0.447947998046875,0.8733333333333333
368,0.06529318730211854,0.9756438557763061,0.44107330322265625,0.8755555555555555
369,0.062442551613555754,0.9770419426048566,0.43804114447699655,0.8777777777777778
370,0.061433965024744616,0.9778513612950699,0.43968505859375,0.8644444444444445
371,0.06366335438664474,0.9758646063281825,0.44246256510416665,0.88
372,0.06261303180978085,0.9768211920529801,0.45576975504557293,0.8711111111111111
373,0.06484308081396017,0.9748344370860927,0.4617137993706597,0.8688888888888889
374,0.06629843778519003,0.9758646063281825,0.44554846869574655,0.8688888888888889
375,0.0630898159159028,0.9776306107431936,0.4496158175998264,0.8622222222222222
376,0.0617300020937888,0.9768947755702723,0.44085700141059025,0.8622222222222222
377,0.06354651321287626,0.9763796909492274,0.4443830362955729,0.8622222222222222
378,0.06307555669541741,0.9766004415011037,0.43355143229166665,0.8755555555555555
379,0.0662362812370654,0.9760117733627668,0.4430162896050347,0.8711111111111111
380,0.06516974296878593,0.9769683590875644,0.43423394097222223,0.8733333333333333
381,0.0650883501290047,0.9757174392935982,0.454195793999566,0.8666666666666667
382,0.06435781595371856,0.9783664459161148,0.45162485758463544,0.8622222222222222
383,0.05955886167143091,0.9766740250183958,0.45555162217881945,0.8688888888888889
384,0.06042489675672025,0.9778513612950699,0.43789076063368054,0.8822222222222222
385,0.062198492671918834,0.9768947755702723,0.444947747124566,0.88
386,0.06533811034482573,0.9766740250183958,0.45564944797092016,0.88
387,0.06332054194323362,0.9753495217071376,0.45626580132378475,0.88
388,0.061038028079854645,0.9785871964679912,0.46764977349175346,0.8755555555555555
389,0.0625746905935258,0.9778513612950699,0.4744942559136285,0.8755555555555555
390,0.06170596023795357,0.9768211920529801,0.4668421427408854,0.8666666666666667
391,0.0624268622324693,0.9763061074319352,0.448163825141059,0.8688888888888889
392,0.0631776684781398,0.9768947755702723,0.450671149359809,0.8755555555555555
393,0.06368630011350114,0.9772626931567329,0.45913709852430556,0.8711111111111111
394,0.06048893932036568,0.9768211920529801,0.4503403049045139,0.8777777777777778
395,0.06004383095579168,0.9793230316409124,0.4586275906032986,0.86
396,0.061088154717698705,0.9778513612950699,0.4592375013563368,0.8711111111111111
397,0.05645254133728342,0.9795437821927888,0.4706063503689236,0.8644444444444445
398,0.060458725177689104,0.9770419426048566,0.4646355862087674,0.8777777777777778
399,0.05782248473851623,0.9780721118469463,0.4485278998480903,0.8777777777777778
400,0.05715617530042411,0.9793966151582045,0.4519164021809896,0.8622222222222222
401,0.0581544843818266,0.9801324503311258,0.45029886881510417,0.8755555555555555
402,0.05686913659416463,0.9789551140544518,0.451108161078559,0.8711111111111111
403,0.06486538907374592,0.977336276674025,0.46570054796006943,0.8688888888888889
404,0.061792806214142404,0.9788815305371596,0.44840030246310764,0.8822222222222222
405,0.05914346050742446,0.9788815305371596,0.4365728759765625,0.8888888888888888
406,0.0577906495600259,0.9771155261221487,0.438191155327691,0.8866666666666667
407,0.05827010984890947,0.9795437821927888,0.4539070298936632,0.8688888888888889
408,0.05705122537170814,0.9783664459161148,0.4477857123480903,0.8644444444444445
409,0.05695506889562207,0.9793230316409124,0.43796875,0.8644444444444445
410,0.05711736054522225,0.979617365710081,0.44713009304470486,0.8688888888888889
411,0.05745194149508557,0.9791022810890361,0.429572991265191,0.88
412,0.0577538156965535,0.9788079470198675,0.43580878363715275,0.8711111111111111
413,0.060086981946708,0.977924944812362,0.4428058878580729,0.8688888888888889
414,0.05432654963950184,0.9793966151582045,0.4415101114908854,0.88
415,0.0550930792308187,0.979617365710081,0.4390683322482639,0.8755555555555555
416,0.057295696940643105,0.9791022810890361,0.4345970662434896,0.8733333333333333
417,0.05527461475094422,0.9797645327446652,0.44742546929253474,0.88
418,0.05545106934132692,0.9799852832965416,0.442273186577691,0.8822222222222222
419,0.05813703810668676,0.9787343635025755,0.4287077840169271,0.8911111111111111
420,0.05783312406673249,0.9792494481236204,0.46487999810112846,0.8666666666666667
421,0.05792752926274202,0.9786607799852833,0.4747789171006944,0.8644444444444445
422,0.0545003159770727,0.9807211184694629,0.447806396484375,0.8822222222222222
423,0.058298527518995905,0.9788079470198675,0.46797414143880206,0.8733333333333333
424,0.05564411940865871,0.979617365710081,0.4600298394097222,0.8733333333333333
425,0.05898477359235594,0.9780721118469463,0.46205847846137155,0.8733333333333333
426,0.0591891380686195,0.9786607799852833,0.43200992160373264,0.8933333333333333
427,0.05517587331922025,0.9795437821927888,0.44101487901475694,0.8777777777777778
428,0.05612570009659633,0.9795437821927888,0.4478319295247396,0.8711111111111111
429,0.058566773999167154,0.9780721118469463,0.4290378146701389,0.8755555555555555
430,0.05392803419504734,0.9805003679175864,0.4485055881076389,0.8711111111111111
431,0.056124760316872614,0.9819720382634289,0.44690521240234377,0.8777777777777778
432,0.0580373518426599,0.979617365710081,0.4433248901367188,0.8777777777777778
433,0.05439776153227614,0.9803532008830023,0.44187255859375,0.8688888888888889
434,0.05331745077530368,0.980206033848418,0.43453291151258683,0.8755555555555555
435,0.05304719533351873,0.9806475349521707,0.42645599365234377,0.8688888888888889
436,0.059250422485441386,0.9793230316409124,0.43778754340277776,0.8733333333333333
437,0.05359684520999328,0.9812362030905077,0.4505443996853299,0.8644444444444445
438,0.05746344958621847,0.978513612950699,0.4371473185221354,0.8733333333333333
439,0.05538186163828599,0.9802796173657101,0.4446460300021701,0.8688888888888889
440,0.05356272682712041,0.9793966151582045,0.43640706380208333,0.8711111111111111
441,0.05447521321996334,0.9804267844002943,0.4507282172309028,0.8777777777777778
442,0.05783479703183206,0.9782928623988226,0.42504163953993057,0.8688888888888889
443,0.05428987100248919,0.9788815305371596,0.43822635226779516,0.8711111111111111
444,0.05509797714491641,0.9806475349521707,0.4442569308810764,0.88
445,0.05696135261990377,0.9795437821927888,0.4543976508246528,0.86
446,0.05452844200106208,0.980206033848418,0.46041839599609374,0.8666666666666667
447,0.04946978178157624,0.9809418690213392,0.4505855984157986,0.8666666666666667
448,0.05674898541964881,0.9803532008830023,0.4438353474934896,0.8666666666666667
449,0.05386750626160521,0.9818984547461369,0.44515384250217016,0.8711111111111111
450,0.05439991814148084,0.9793966151582045,0.442738037109375,0.8733333333333333
451,0.053150171668675125,0.9819720382634289,0.4609953816731771,0.8688888888888889
452,0.05718153251103394,0.9813097866077999,0.46309587266710067,0.8688888888888889
453,0.053320965124808134,0.9807211184694629,0.4607881334092882,0.8755555555555555
454,0.05023841296512472,0.9827814569536424,0.4735015869140625,0.8688888888888889
455,0.05290059011766716,0.9818984547461369,0.4577165730794271,0.8711111111111111
456,0.05345273077531805,0.9816777041942605,0.4515985785590278,0.8688888888888889
457,0.052698826456526085,0.980794701986755,0.4497678629557292,0.8711111111111111
458,0.05166575282351597,0.9809418690213392,0.4387862481011285,0.8844444444444445
459,0.05341683528807516,0.9812362030905077,0.44119066026475695,0.8777777777777778
460,0.054547230578065355,0.9819720382634289,0.437742682562934,0.8844444444444445
461,0.056132782128385274,0.9805003679175864,0.44389411078559027,0.88
462,0.050483426142475724,0.9821927888153054,0.4317621188693576,0.8844444444444445
463,0.04945944153797635,0.9821192052980132,0.4424397108289931,0.8844444444444445
464,0.051588960076360865,0.9814569536423841,0.45458360460069447,0.8733333333333333
465,0.05270063106938264,0.9813097866077999,0.44835723876953126,0.8644444444444445
466,0.054681579500020124,0.9806475349521707,0.4545380655924479,0.8777777777777778
467,0.05242538255659248,0.9812362030905077,0.44821668836805556,0.8866666666666667
468,0.049783728559548754,0.9817512877115526,0.4682383219401042,0.8755555555555555
469,0.05135227509330879,0.982560706401766,0.4641296047634549,0.8777777777777778
470,0.05167293309989968,0.9826342899190581,0.44207288953993057,0.8822222222222222
471,0.049753190069360013,0.9816041206769683,0.4620519341362847,0.8666666666666667
472,0.05180817632836573,0.9802796173657101,0.46268276638454864,0.8733333333333333
473,0.0493610314712356,0.9830022075055188,0.4661610582139757,0.8777777777777778
474,0.05481378444421809,0.9811626195732156,0.45023851182725694,0.8844444444444445
475,0.05140032905090197,0.9818248712288448,0.464752197265625,0.8755555555555555
476,0.05407707321021029,0.9811626195732156,0.4655364312065972,0.8755555555555555
477,0.04696939649434542,0.9828550404709345,0.44743506537543404,0.88
478,0.04995088977266358,0.9816777041942605,0.4644963582356771,0.8777777777777778
479,0.050067212776369344,0.9824135393671818,0.46205596923828124,0.8755555555555555
480,0.05204713104225591,0.981383370125092,0.4616420491536458,0.8844444444444445
481,0.05492199132160021,0.9793966151582045,0.45717108832465275,0.8755555555555555
482,0.04968637574499718,0.9819720382634289,0.4772169325086806,0.88
483,0.049503850761452875,0.9821192052980132,0.451719733344184,0.8866666666666667
484,0.05093004705276096,0.9816777041942605,0.45467698838975695,0.8888888888888888
485,0.04484114124110027,0.9838852097130243,0.4464696926540799,0.8911111111111111
486,0.046149480509529925,0.9830022075055188,0.45177842881944447,0.8777777777777778
487,0.051652216402549266,0.9810154525386313,0.46080023871527775,0.8888888888888888
488,0.0528343175420698,0.9816777041942605,0.45885433620876737,0.8888888888888888
489,0.04841780981831554,0.9823399558498896,0.47808430989583334,0.88
490,0.048421133573306144,0.9814569536423841,0.46211229112413194,0.8866666666666667
491,0.046166407211112835,0.9832229580573951,0.47451490614149305,0.8755555555555555
492,0.04708600931960577,0.9823399558498896,0.46810936821831595,0.8888888888888888
493,0.05426611517877417,0.9821927888153054,0.477149658203125,0.8688888888888889
494,0.052758869903766555,0.9805003679175864,0.46021670871310766,0.8822222222222222
495,0.05097853019888389,0.9815305371596762,0.4530006917317708,0.8822222222222222
496,0.04429702618439641,0.9832229580573951,0.4687082248263889,0.8755555555555555
497,0.051965740307715995,0.9816041206769683,0.46326331244574653,0.88
498,0.04829397419079689,0.9828550404709345,0.4659260728624132,0.88
499,0.04521437596537946,0.9838852097130243,0.4745664469401042,0.8711111111111111
500,0.04569555735921404,0.9840323767476086,0.462485588921441,0.8822222222222222
501,0.046327811992721055,0.983149374540103,0.4743115573459201,0.8844444444444445
502,0.04788066619805679,0.9817512877115526,0.4827969699435764,0.8777777777777778
503,0.04578336276404554,0.9841795437821927,0.4763590155707465,0.8822222222222222
504,0.04914111838435495,0.9838852097130243,0.45635135226779516,0.8888888888888888
505,0.050942465169540305,0.9816777041942605,0.4710205756293403,0.8777777777777778
506,0.04744885959021742,0.983149374540103,0.4514479234483507,0.8822222222222222
507,0.046110790665312845,0.9827814569536424,0.464476318359375,0.88
508,0.05026107602824702,0.9830022075055188,0.458647698296441,0.8822222222222222
509,0.04808341932261666,0.9816041206769683,0.4771671888563368,0.8822222222222222
510,0.049950200937704796,0.9814569536423841,0.47720794677734374,0.8822222222222222
511,0.049542935689290364,0.9820456217807211,0.48116736518012154,0.8711111111111111
512,0.05247073591062477,0.9816041206769683,0.47808264838324654,0.8866666666666667
513,0.04653225436291333,0.9849889624724062,0.45221815321180553,0.8955555555555555
514,0.048455805213597,0.9832229580573951,0.47520399305555555,0.8933333333333333
515,0.04725055343706525,0.9828550404709345,0.47888834635416666,0.8777777777777778
516,0.04339369310009909,0.9838116261957321,0.4788313802083333,0.8844444444444445
517,0.04622639395718718,0.982560706401766,0.4738511149088542,0.8888888888888888
518,0.04254659746744073,0.9846946284032376,0.478024664984809,0.8844444444444445
519,0.04762723570452445,0.9830022075055188,0.47500885009765625,0.8844444444444445
520,0.047265035813130206,0.9827814569536424,0.45855234781901044,0.8933333333333333
521,0.04600295388935417,0.9827814569536424,0.44866312662760416,0.8911111111111111
522,0.042623835964357266,0.9854304635761589,0.4682285902235243,0.8866666666666667
523,0.04683822957446594,0.9839587932303164,0.4845613267686632,0.8711111111111111
524,0.045288771684771516,0.9847682119205298,0.47266231960720484,0.8844444444444445
525,0.04737263581961547,0.9842531272994849,0.4716533745659722,0.8822222222222222
526,0.04907223180078951,0.9835908756438557,0.47089324951171874,0.8711111111111111
527,0.04555020770928367,0.9833701250919794,0.46936170789930554,0.8777777777777778
528,0.04817832149592632,0.984326710816777,0.462194586859809,0.8844444444444445
529,0.04985859515124862,0.981383370125092,0.46949700249565973,0.8755555555555555
530,0.044450870904087406,0.9838116261957321,0.4698183186848958,0.8777777777777778
531,0.043947101674420244,0.9829286239882267,0.4623226589626736,0.8755555555555555
532,0.045887284773601336,0.9836644591611479,0.4721836344401042,0.8733333333333333
533,0.04589945924378564,0.9851361295069905,0.4789913601345486,0.8711111111111111
534,0.04057095199933027,0.9850625459896983,0.46370096842447917,0.88
535,0.04314975303442185,0.9846946284032376,0.47617750379774304,0.8711111111111111
536,0.044812980129755625,0.983149374540103,0.45741824679904514,0.8888888888888888
537,0.045134112798088696,0.9835172921265637,0.49034600151909724,0.8688888888888889
538,0.046467215879775745,0.9835172921265637,0.4751573011610243,0.8777777777777778
539,0.04478702082012926,0.9842531272994849,0.4753838433159722,0.8888888888888888
540,0.04197504311646496,0.9844002943340692,0.48748558892144095,0.8755555555555555
541,0.045125641728079084,0.9844738778513613,0.4711199951171875,0.8866666666666667
542,0.0425571976381685,0.984326710816777,0.4601521809895833,0.88
543,0.04233580133860562,0.984326710816777,0.4638596937391493,0.8755555555555555
544,0.04354212356017213,0.9830757910228108,0.4531517876519097,0.8777777777777778
545,0.04594593679668098,0.9839587932303164,0.4579032728407118,0.88
546,0.044176254384740474,0.9841059602649007,0.464119873046875,0.8866666666666667
547,0.042334365844726565,0.9853568800588668,0.4729188368055556,0.8844444444444445
548,0.042508359267660764,0.9847682119205298,0.4697168986002604,0.8911111111111111
549,0.043797874591033015,0.9836644591611479,0.4647822740342882,0.8822222222222222
550,0.04270187557576947,0.9840323767476086,0.46153849283854165,0.8844444444444445
551,0.04452711972706102,0.9833701250919794,0.4577897474500868,0.9
552,0.043472697333082545,0.9844738778513613,0.4471580335828993,0.8888888888888888
553,0.04495591703278778,0.9841059602649007,0.45394883897569444,0.88
554,0.04270974328361775,0.9846946284032376,0.44657694498697914,0.8822222222222222
555,0.039332009484611775,0.9852832965415746,0.457386711968316,0.8777777777777778
556,0.043553396987072945,0.9851361295069905,0.4599339803059896,0.8822222222222222
557,0.0438137816540716,0.9852097130242825,0.4856175740559896,0.8888888888888888
558,0.04135303665733758,0.9848417954378219,0.48502821180555555,0.8844444444444445
559,0.046071324127399366,0.9838852097130243,0.4931343248155382,0.8844444444444445
560,0.04167284863761806,0.9862398822663724,0.4684701199001736,0.8777777777777778
561,0.042476509212131794,0.9840323767476086,0.4669920179578993,0.88
562,0.04528279785201162,0.9833701250919794,0.4673367987738715,0.8777777777777778
563,0.036158159605451504,0.98719646799117,0.4923193359375,0.8733333333333333
564,0.0390002019796589,0.9855040470934511,0.4812793307834201,0.8666666666666667
565,0.039240595275115406,0.9857983811626195,0.48121307373046873,0.8844444444444445
566,0.03886813289370056,0.9869757174392936,0.484932623969184,0.8822222222222222
567,0.0408102647445937,0.9845474613686535,0.4779610527886285,0.8844444444444445
568,0.043403273772631965,0.984326710816777,0.4702811347113715,0.8844444444444445
569,0.04354893836666329,0.9841795437821927,0.4787718709309896,0.8888888888888888
570,0.043681212783824704,0.9844738778513613,0.4795731608072917,0.8866666666666667
571,0.0407339555011943,0.9861662987490802,0.4953067016601562,0.8755555555555555
572,0.044250883785918675,0.9835908756438557,0.47672970241970486,0.8822222222222222
573,0.04422856078944371,0.98373804267844,0.48358601888020836,0.8822222222222222
574,0.04305812591485367,0.9844002943340692,0.47448072645399303,0.8733333333333333
575,0.04337010162555619,0.984326710816777,0.4731344265407986,0.8755555555555555
576,0.041954453014292376,0.9852097130242825,0.47398101806640625,0.8888888888888888
577,0.03878245813343085,0.9864606328182487,0.48853939480251735,0.8733333333333333
578,0.03856539105211136,0.9862398822663724,0.445369873046875,0.8955555555555555
579,0.04308545250854043,0.98373804267844,0.47265499538845485,0.8866666666666667
580,0.03877234862427926,0.9854304635761589,0.4854414198133681,0.8755555555555555
581,0.03725132342205932,0.9857983811626195,0.49045603434244794,0.8777777777777778
582,0.042635546299005976,0.9847682119205298,0.4660785590277778,0.88
583,0.04032604959275987,0.9841059602649007,0.47972347683376737,0.8911111111111111
584,0.041624451666039695,0.9858719646799117,0.45535929361979166,0.8933333333333333
585,0.037553785126204,0.9867549668874173,0.48069786919487845,0.88
586,0.04081254331744533,0.986019131714496,0.46475423177083336,0.8888888888888888
587,0.042087672684804935,0.9844738778513613,0.4839982435438368,0.8844444444444445
588,0.04276594396370838,0.984915378955114,0.4737541707356771,0.8777777777777778
589,0.04131494077187062,0.9844738778513613,0.45504852294921877,0.8911111111111111
590,0.0382724332493662,0.986607799852833,0.47845947265625,0.88
591,0.04158660040961371,0.9841059602649007,0.4768782212999132,0.8822222222222222
592,0.036047498999140205,0.9863134657836644,0.47353424072265626,0.8888888888888888
593,0.04074416213214529,0.9857983811626195,0.47393805609809025,0.8911111111111111
594,0.044202501691378945,0.9860927152317881,0.47950056287977433,0.8844444444444445
595,0.04219062923069295,0.9852097130242825,0.4614994303385417,0.8888888888888888
596,0.038517978772071464,0.9872700515084621,0.46764149983723957,0.8844444444444445
597,0.03978274529957438,0.9854304635761589,0.4517640177408854,0.8888888888888888
598,0.03791311613508144,0.9858719646799117,0.4618309868706597,0.8822222222222222
599,0.04278877993731748,0.9838852097130243,0.45006395128038196,0.8977777777777778
600,0.04016969117984954,0.9857983811626195,0.4695967610677083,0.8822222222222222
601,0.037133595380298874,0.9868285504047093,0.4653817409939236,0.8844444444444445
602,0.03989930170436744,0.9852832965415746,0.46959103054470486,0.8777777777777778
603,0.03863510653935784,0.9861662987490802,0.46977806939019096,0.8888888888888888
604,0.03684409087506,0.9864606328182487,0.48685028076171877,0.8777777777777778
605,0.03994338138740321,0.9869021339220014,0.48792327880859376,0.8822222222222222
606,0.03957877464378643,0.9854304635761589,0.4764157443576389,0.8866666666666667
607,0.039268688738039084,0.9862398822663724,0.4672566392686632,0.8822222222222222
608,0.03988821129311175,0.9850625459896983,0.46679206000434026,0.8711111111111111
609,0.036307439740919906,0.9870493009565857,0.4616629706488715,0.8866666666666667
610,0.03892697102011259,0.9857247976453275,0.4762039523654514,0.8844444444444445
611,0.034914464578635555,0.9871228844738779,0.4699647013346354,0.8866666666666667
612,0.03506855224317448,0.9881530537159676,0.46724341498480904,0.8888888888888888
613,0.037428397514786764,0.98719646799117,0.47276526557074655,0.8844444444444445
614,0.03592340274274656,0.9874908020603385,0.47201568603515626,0.88
615,0.03782282879108712,0.9852097130242825,0.47588273790147567,0.8866666666666667
616,0.039995147727534035,0.9856512141280354,0.4596726820203993,0.8822222222222222
617,0.0393461611974406,0.9863870493009566,0.47165059407552085,0.8866666666666667
618,0.035633597468698264,0.9883002207505519,0.4800784301757812,0.8666666666666667
619,0.03769654575036325,0.984915378955114,0.49434546576605903,0.8755555555555555
620,0.03665750249507587,0.9875643855776306,0.48705220540364585,0.88
621,0.04299408882483566,0.9856512141280354,0.470232170952691,0.8933333333333333
622,0.03715798010976987,0.9870493009565857,0.48567769368489583,0.8711111111111111
623,0.03812978139600831,0.9868285504047093,0.4843892754448785,0.8688888888888889
624,0.03796976102108987,0.9871228844738779,0.4729015435112847,0.8866666666666667
625,0.04111623055273509,0.9860927152317881,0.48073618570963544,0.8866666666666667
626,0.04063430530696866,0.986019131714496,0.4865127902560764,0.8777777777777778
627,0.035830387988451916,0.9880058866813833,0.48043585883246526,0.8777777777777778
628,0.03771503468135247,0.9868285504047093,0.49244354248046873,0.8777777777777778
629,0.038549253675672746,0.9846946284032376,0.49374525282118054,0.8822222222222222
630,0.037226559608801925,0.9859455481972038,0.4895311482747396,0.8755555555555555
631,0.036907997720815225,0.98719646799117,0.48489122178819444,0.8822222222222222
632,0.03616179002392722,0.9869021339220014,0.476624755859375,0.8844444444444445
633,0.0417249821318345,0.9855040470934511,0.5011257934570312,0.86
634,0.03598983700087704,0.987785136129507,0.4979743448893229,0.8866666666666667
635,0.040672538594518894,0.9855776306107432,0.48340284559461805,0.8977777777777778
636,0.03447099914438502,0.9871228844738779,0.4921121554904514,0.8866666666666667
637,0.03465267992616138,0.9867549668874173,0.48416317409939236,0.8822222222222222
638,0.038522012975831695,0.9860927152317881,0.4801178317599826,0.8955555555555555
639,0.038565173229809804,0.9862398822663724,0.47725040011935765,0.8911111111111111
640,0.03731853030375298,0.9860927152317881,0.47554456922743055,0.8844444444444445
641,0.03723221947990681,0.9876379690949227,0.4894382731119792,0.88
642,0.039476564195421004,0.9861662987490802,0.4995386759440104,0.88
643,0.040337687050971675,0.9859455481972038,0.4733882988823785,0.8933333333333333
644,0.03579385292889705,0.9871228844738779,0.4788484700520833,0.8933333333333333
645,0.03840996599793873,0.9878587196467992,0.5028046671549479,0.8777777777777778
646,0.03709294878445275,0.9868285504047093,0.5007430352105035,0.8733333333333333
647,0.03133678787152849,0.9890360559234731,0.47475511338975696,0.8822222222222222
648,0.04021422980549232,0.9865342163355408,0.4804666815863715,0.8844444444444445
649,0.033883859902466805,0.9874172185430463,0.4932997300889757,0.8777777777777778
650,0.0373360150346342,0.9867549668874173,0.47301272922092014,0.8911111111111111
651,0.033328679767577765,0.987785136129507,0.47664340549045137,0.8866666666666667
652,0.034432737927299985,0.9873436350257543,0.48635894775390626,0.8822222222222222
653,0.03494355396105139,0.9879323031640912,0.4793699476453993,0.8777777777777778
654,0.031965310333229496,0.9877115526122149,0.47460547553168403,0.8888888888888888
655,0.039743367602844464,0.9855040470934511,0.4871809556749132,0.8777777777777778
656,0.03564913134262613,0.98719646799117,0.4842027791341146,0.8844444444444445
657,0.032402101450759405,0.9881530537159676,0.4719974093967014,0.8777777777777778
658,0.03513722872365652,0.9878587196467992,0.4815740288628472,0.8822222222222222
659,0.03351420401825109,0.9884473877851361,0.4814445665147569,0.8822222222222222
660,0.03451954207936133,0.9874908020603385,0.4897479926215278,0.8822222222222222
661,0.03745904140739076,0.9877115526122149,0.4979656643337674,0.8844444444444445
662,0.03399260382690879,0.9886681383370125,0.506601325141059,0.8822222222222222
663,0.03404387515463138,0.9885945548197204,0.47586524115668405,0.8933333333333333
664,0.03451489700474574,0.98719646799117,0.47274773491753475,0.8866666666666667
665,0.035003070676914466,0.9874172185430463,0.4931779988606771,0.8844444444444445
666,0.034796661870983084,0.9866813833701251,0.4744676038953993,0.8911111111111111
667,0.037828954060872395,0.9869757174392936,0.500585428873698,0.88
668,0.03432467967995482,0.9873436350257543,0.4818225775824653,0.8888888888888888
669,0.03505241542813355,0.9874908020603385,0.48953840467664933,0.8777777777777778
670,0.03268424575165671,0.9886681383370125,0.5022553168402778,0.8822222222222222
671,0.03804314524220403,0.9874908020603385,0.4912511189778646,0.8822222222222222
672,0.03485543698050504,0.9872700515084621,0.4804261271158854,0.8888888888888888
673,0.0360929973341245,0.9867549668874173,0.4932595486111111,0.8888888888888888
674,0.033439820649608085,0.9879323031640912,0.4898811848958333,0.8866666666666667
675,0.03617655001114711,0.9865342163355408,0.49319339328342016,0.8933333333333333
676,0.03504880900940885,0.9872700515084621,0.5054419284396702,0.8844444444444445
677,0.03701725132417995,0.9865342163355408,0.4813115437825521,0.8911111111111111
678,0.0337579909627099,0.989551140544518,0.5017416381835937,0.8822222222222222
679,0.03582668893910928,0.9888153053715968,0.519715576171875,0.8777777777777778
680,0.036000238436824525,0.9880794701986755,0.4995580376519097,0.8888888888888888
681,0.03547029628571208,0.9864606328182487,0.48812835693359374,0.8933333333333333
682,0.03305091647386025,0.9886681383370125,0.504258795844184,0.8777777777777778
683,0.03606015921867096,0.987785136129507,0.5103070407443576,0.8866666666666667
684,0.033207067695937675,0.9885209713024282,0.49399488661024304,0.8955555555555555
685,0.03413105698698492,0.9867549668874173,0.4884895833333333,0.9044444444444445
686,0.03349720875597596,0.9877115526122149,0.4898832533094618,0.8888888888888888
687,0.03516176067967025,0.9872700515084621,0.4979903835720486,0.8866666666666667
688,0.036526124559841756,0.9863870493009566,0.4962057834201389,0.8911111111111111
689,0.033212969529444546,0.988373804267844,0.5140779961480034,0.8777777777777778
690,0.03316046986358845,0.9877115526122149,0.5069356621636285,0.88
691,0.03431631513515582,0.9880794701986755,0.5150342135959202,0.8888888888888888
692,0.036487243910586685,0.9874172185430463,0.49326463487413197,0.8844444444444445
693,0.03365998706719382,0.9871228844738779,0.5168411593967014,0.8933333333333333
694,0.0360211316937467,0.986607799852833,0.5055010647243924,0.8955555555555555
695,0.03219760630918479,0.9889624724061811,0.5253098890516493,0.88
696,0.03053378581649859,0.989551140544518,0.5076692369249132,0.8844444444444445
697,0.035588182501270105,0.9883002207505519,0.500643073187934,0.8777777777777778
698,0.03674880653027667,0.9869757174392936,0.5107158745659722,0.8888888888888888
699,0.03593482536108201,0.9880058866813833,0.5302872382269965,0.8822222222222222
700,0.03787114548279662,0.9869021339220014,0.5234422471788195,0.8888888888888888
701,0.03432904679254191,0.9880794701986755,0.5180579291449653,0.8911111111111111
702,0.03432324881760665,0.9870493009565857,0.5136029052734375,0.8933333333333333
703,0.031087911997409845,0.9891096394407652,0.5106216091579862,0.8911111111111111
704,0.031148779155402782,0.988373804267844,0.5206442260742188,0.8866666666666667
705,0.03674901158078091,0.9853568800588668,0.5244170464409722,0.8911111111111111
706,0.03165987420380335,0.989551140544518,0.5085529242621528,0.8911111111111111
707,0.03254521098357952,0.9900662251655629,0.522892320421007,0.8822222222222222
708,0.033753375571996876,0.988373804267844,0.5206256103515625,0.8755555555555555
709,0.03090749913230374,0.988373804267844,0.5042254638671875,0.8911111111111111
710,0.03353552070937672,0.9880058866813833,0.49759029812282984,0.8777777777777778
711,0.029343312763834457,0.990139808682855,0.5088038804796007,0.8777777777777778
712,0.032624520757252716,0.9878587196467992,0.5142526584201389,0.8844444444444445
713,0.03322016664775879,0.987785136129507,0.4926727294921875,0.8866666666666667
714,0.03125939639374296,0.9899926416482708,0.48912960476345485,0.8866666666666667
715,0.033695830765500326,0.9885945548197204,0.5015685696072049,0.8755555555555555
716,0.034376525317508566,0.9893303899926417,0.4929726833767361,0.88
717,0.03319692583624452,0.9883002207505519,0.4979887220594618,0.8822222222222222
718,0.03216547008118619,0.9882266372332598,0.498382568359375,0.8933333333333333
719,0.03081299667414538,0.989477557027226,0.5008004421657987,0.8888888888888888
720,0.02605998240647025,0.991317144959529,0.5018792724609376,0.8888888888888888
721,0.027251551096890234,0.9897718910963944,0.5161152818467882,0.8866666666666667
722,0.03122562558621146,0.988373804267844,0.5318775770399305,0.8888888888888888
723,0.028224911103799467,0.9891832229580574,0.5036915079752604,0.8911111111111111
724,0.028027445503330303,0.9902133922001471,0.5204683770073785,0.8866666666666667
725,0.03481996506781505,0.9880794701986755,0.5004226345486111,0.8866666666666667
726,0.03380200215522817,0.9891832229580574,0.49360198974609376,0.9
727,0.0313947919013309,0.9892568064753495,0.529516092936198,0.8888888888888888
728,0.03123492787566757,0.9886681383370125,0.519380628797743,0.8711111111111111
729,0.03031789752996696,0.9891096394407652,0.5192077975802951,0.88
730,0.032679624466267994,0.9888153053715968,0.5262489149305556,0.8933333333333333
731,0.029357453459233726,0.9884473877851361,0.533389892578125,0.8822222222222222
732,0.0325961882792649,0.9884473877851361,0.5130311075846354,0.8822222222222222
733,0.035438857032938684,0.988373804267844,0.5344207424587674,0.8888888888888888
734,0.031781930481361235,0.9888153053715968,0.5444055853949653,0.8866666666666667
735,0.03501652864255477,0.9880058866813833,0.5200483534071181,0.88
736,0.02746179649459693,0.9902133922001471,0.5136238606770833,0.8911111111111111
737,0.02679600270027795,0.9910228108903606,0.5072354465060764,0.8911111111111111
738,0.028048387601851014,0.9900662251655629,0.5043313598632813,0.8866666666666667
739,0.029531102885736796,0.989551140544518,0.5021581013997396,0.8822222222222222
740,0.03341552518236891,0.9884473877851361,0.4987200927734375,0.8822222222222222
741,0.03240203717072454,0.9885945548197204,0.49081851535373267,0.8955555555555555
742,0.032529639145133245,0.9888153053715968,0.5042301771375868,0.8822222222222222
743,0.030834986902142904,0.9892568064753495,0.5086010064019097,0.88
744,0.031269757128358326,0.9889624724061811,0.5059614732530382,0.8844444444444445
745,0.027528366751316456,0.9908020603384842,0.5068221367730035,0.8822222222222222
746,0.02847844391205979,0.9899926416482708,0.497845458984375,0.8888888888888888
747,0.03400827145383497,0.989477557027226,0.4850560167100694,0.88
748,0.031490513995958654,0.9892568064753495,0.5006204901801216,0.8822222222222222
749,0.032470443618920375,0.9885945548197204,0.5080329047309028,0.8844444444444445
750,0.03262573997267385,0.9883002207505519,0.4899239095052083,0.8733333333333333
751,0.03222741049120231,0.9884473877851361,0.496247795952691,0.8822222222222222
752,0.031152391468803175,0.9896247240618101,0.4921159193250868,0.8866666666666667
753,0.032390520027053976,0.9902133922001471,0.49523935953776044,0.8822222222222222
754,0.03128295109673753,0.9896247240618101,0.5069121636284722,0.8755555555555555
755,0.02871639667143271,0.9903605592347314,0.5102559068467882,0.8711111111111111
756,0.02758374386100404,0.9900662251655629,0.5053754001193577,0.8844444444444445
757,0.029771636109566145,0.9908020603384842,0.4965941365559896,0.8777777777777778
758,0.029017531512150262,0.990139808682855,0.5125423177083334,0.88
759,0.03156747165368356,0.9891096394407652,0.5144036865234375,0.8777777777777778
760,0.032935087921165035,0.9887417218543046,0.5417637464735243,0.8733333333333333
761,0.03412449859888612,0.9891096394407652,0.5006646389431424,0.8866666666666667
762,0.02890661996107403,0.9900662251655629,0.4970925564236111,0.8933333333333333
763,0.03225122273538462,0.9883002207505519,0.5082491726345486,0.8844444444444445
764,0.029661642022655674,0.9883002207505519,0.5083818901909722,0.88
765,0.029098338743971938,0.9896247240618101,0.5169219292534722,0.8666666666666667
766,0.026713964533858478,0.9899926416482708,0.504201897515191,0.8844444444444445
767,0.02908202866757065,0.9892568064753495,0.5066738552517361,0.8844444444444445
768,0.028045716190969707,0.9899926416482708,0.4951134575737847,0.8844444444444445
769,0.027269394139843535,0.9900662251655629,0.50992919921875,0.8755555555555555
770,0.02964094230758521,0.9906548933038999,0.4905466715494792,0.8955555555555555
771,0.031212632949076828,0.9891096394407652,0.49970679389105904,0.8955555555555555
772,0.02991343070865993,0.9893303899926417,0.4846279907226563,0.8911111111111111
773,0.02902373088642988,0.9891832229580574,0.5029478963216146,0.88
774,0.032103935982744164,0.9892568064753495,0.5044715033637153,0.8933333333333333
775,0.030490490546377376,0.9899190581309787,0.5107157050238715,0.8866666666666667
776,0.029700125272524892,0.989551140544518,0.5123804050021702,0.8977777777777778
777,0.030083280034237176,0.9891096394407652,0.5077598741319445,0.8933333333333333
778,0.030763785254876344,0.9892568064753495,0.5030804782443576,0.8911111111111111
779,0.03168255074047007,0.9884473877851361,0.5258757866753472,0.8866666666666667
780,0.03032382195973063,0.9888888888888889,0.5182030910915799,0.8822222222222222
781,0.031515012829509005,0.9891096394407652,0.5061044989691841,0.88
782,0.0283642354829071,0.9899926416482708,0.49177425808376735,0.8933333333333333
783,0.02519146032943894,0.9916114790286976,0.49882025824652776,0.8911111111111111
784,0.026354914293997948,0.9908020603384842,0.4837786865234375,0.8977777777777778
785,0.02770376977366152,0.9889624724061811,0.5032988484700521,0.8933333333333333
786,0.025940589750400794,0.9910228108903606,0.4954181586371528,0.8911111111111111
787,0.026848548120045328,0.9915378955114055,0.4928954399956597,0.8933333333333333
788,0.028411863760706077,0.9903605592347314,0.49762858072916666,0.8933333333333333
789,0.027329130502550633,0.9904341427520236,0.5074179077148437,0.8911111111111111
790,0.02917355866533943,0.9891832229580574,0.5061133151584202,0.8844444444444445
791,0.029226668851177338,0.990139808682855,0.4871485392252604,0.9
792,0.028506266781299583,0.9908756438557763,0.5195781453450521,0.8911111111111111
793,0.028628782141813906,0.9894039735099338,0.5115279473198785,0.8911111111111111
794,0.027479731887469317,0.9910963944076527,0.4923568047417535,0.8955555555555555
795,0.028263399125549003,0.9908020603384842,0.4819057888454861,0.8933333333333333
796,0.02605898396068851,0.9903605592347314,0.5008950466579861,0.8866666666666667
797,0.027452893850117416,0.9904341427520236,0.5079991319444445,0.8933333333333333
798,0.027180119136223643,0.9909492273730685,0.5042413330078125,0.8888888888888888
799,0.031930239118136756,0.9890360559234731,0.5056136745876736,0.8933333333333333
800,0.029406833999555192,0.9896983075791023,0.5141632758246528,0.8844444444444445
801,0.029038797466960174,0.9905077262693157,0.4977430894639757,0.8955555555555555
802,0.027412126553769144,0.9898454746136865,0.5116084459092882,0.8866666666666667
803,0.026097685804781095,0.990728476821192,0.49774200439453126,0.8911111111111111
804,0.026642673624360097,0.9909492273730685,0.5085440063476563,0.8866666666666667
805,0.026890058706927775,0.9899190581309787,0.518882819281684,0.8777777777777778
806,0.03149204394499812,0.989477557027226,0.5263555908203125,0.8844444444444445
807,0.029859134710563114,0.9896983075791023,0.5088849894205729,0.8888888888888888
808,0.025033882385321275,0.9910228108903606,0.5136927625868055,0.8822222222222222
809,0.028798917218812517,0.9902133922001471,0.5248415798611111,0.8911111111111111
810,0.028374848214908065,0.989551140544518,0.5180728488498264,0.8844444444444445
811,0.024218883682823603,0.9915378955114055,0.511721428765191,0.8933333333333333
812,0.026771379657489925,0.9909492273730685,0.510131598578559,0.8888888888888888
813,0.025934583356575197,0.990728476821192,0.4987440999348958,0.8866666666666667
814,0.027517850369193082,0.9900662251655629,0.5128778754340277,0.88
815,0.026689277211035586,0.9905077262693157,0.5253091769748264,0.88
816,0.030080057751878032,0.9894039735099338,0.5060841539171007,0.8866666666666667
817,0.02748771636603596,0.9912435614422369,0.4993854437934028,0.8888888888888888
818,0.029029607807914505,0.989477557027226,0.5074914889865452,0.8755555555555555
819,0.02788665819203178,0.9905077262693157,0.4882107883029514,0.8844444444444445
820,0.025535302797251542,0.9904341427520236,0.49124209933810764,0.8955555555555555
821,0.029543601001686168,0.9898454746136865,0.5102314588758681,0.8866666666666667
822,0.02806903672095517,0.9896247240618101,0.5209951782226563,0.8933333333333333
823,0.027328317949577147,0.9897718910963944,0.5293144056532118,0.8866666666666667
824,0.025258792402816223,0.9915378955114055,0.5379571194118924,0.8866666666666667
825,0.028455614394524063,0.9903605592347314,0.5460537719726563,0.8733333333333333
826,0.030268979440988032,0.990728476821192,0.5421245659722222,0.8777777777777778
827,0.03143861951680636,0.9892568064753495,0.5471523030598958,0.8888888888888888
828,0.025718820331901905,0.9916114790286976,0.5431702677408854,0.8888888888888888
829,0.029744532741633647,0.990139808682855,0.5219571940104166,0.8911111111111111
830,0.025957265437044054,0.9908020603384842,0.5427334933810763,0.8822222222222222
831,0.026313525881286576,0.9909492273730685,0.5258655802408854,0.8888888888888888
832,0.03014790631112498,0.9902869757174393,0.5243838500976562,0.8866666666666667
833,0.02651468063646419,0.9912435614422369,0.532495591905382,0.8822222222222222
834,0.02610044317968283,0.990728476821192,0.5274793497721354,0.8977777777777778
835,0.026377316377371705,0.9906548933038999,0.527900390625,0.88
836,0.025822017226173565,0.991317144959529,0.5329249403211805,0.8822222222222222
837,0.0229613951850762,0.9918322295805739,0.5276349555121528,0.8844444444444445
838,0.02589174197648184,0.9910963944076527,0.5136665513780382,0.88
839,0.026827069606037153,0.9911699779249448,0.5066365898980034,0.8933333333333333
840,0.024736926378442402,0.9916850625459896,0.5078452555338542,0.9
841,0.026155707027387586,0.9908756438557763,0.5171836683485243,0.8911111111111111
842,0.026554273909904922,0.990728476821192,0.5210326809353298,0.8888888888888888
843,0.028118540137194815,0.990728476821192,0.5099347601996528,0.8933333333333333
844,0.029788545828869098,0.989551140544518,0.5287613932291667,0.8822222222222222
845,0.026602822879906347,0.9906548933038999,0.5280629136827257,0.8977777777777778
846,0.027695241300738672,0.9896983075791023,0.538857896592882,0.8822222222222222
847,0.027449315641626355,0.990728476821192,0.5416736178927951,0.8844444444444445
848,0.026871840369622438,0.9913907284768212,0.5338829888237847,0.8866666666666667
849,0.027894793370789338,0.989551140544518,0.5193976508246527,0.8933333333333333
850,0.028040846066057376,0.9910228108903606,0.5534783257378473,0.8822222222222222
851,0.02416992201534942,0.9914643119941133,0.5413140530056424,0.8955555555555555
852,0.028606973385617872,0.9893303899926417,0.5559108140733507,0.8777777777777778
853,0.023486763488904265,0.9926416482707874,0.5459992472330729,0.8933333333333333
854,0.022736916321002883,0.9914643119941133,0.5368824598524305,0.8888888888888888
855,0.027484544258594864,0.9910963944076527,0.5401368882921007,0.8777777777777778
856,0.02880807684308207,0.989551140544518,0.5458653767903646,0.8866666666666667
857,0.031938399454528046,0.9894039735099338,0.5328058878580729,0.8844444444444445
858,0.02934000086836994,0.9897718910963944,0.5299842664930555,0.8866666666666667
859,0.027208630980771635,0.9899926416482708,0.5227637396918403,0.88
860,0.02434082929486295,0.9919793966151582,0.550459459092882,0.8822222222222222
861,0.023750106090127412,0.9920529801324504,0.537550048828125,0.8888888888888888
862,0.027220713101036853,0.9896983075791023,0.5555661349826388,0.8911111111111111
863,0.024669436271616954,0.9917586460632818,0.5441708034939237,0.8933333333333333
864,0.02800735364160264,0.9905077262693157,0.5573409356011285,0.88
865,0.025264862094230737,0.9908020603384842,0.5281882052951389,0.8911111111111111
866,0.02827927376787131,0.9908020603384842,0.5362410142686632,0.8844444444444445
867,0.02510902764079674,0.9918322295805739,0.5643250868055556,0.88
868,0.028179619573687174,0.990139808682855,0.5456690809461806,0.8933333333333333
869,0.024119532713563763,0.9914643119941133,0.552248297797309,0.8955555555555555
870,0.02392118305209106,0.9909492273730685,0.5438702731662326,0.9044444444444445
871,0.023483621135540443,0.9918322295805739,0.5269610595703125,0.8977777777777778
872,0.02457011386346431,0.9910228108903606,0.5214485677083334,0.9
873,0.026713139279262384,0.9913907284768212,0.5321258884006076,0.8844444444444445
874,0.025234095115184433,0.9908756438557763,0.5263639322916667,0.8844444444444445
875,0.027444463832313477,0.9910228108903606,0.5245336235894097,0.8911111111111111
876,0.02524014606995123,0.9908020603384842,0.5090435451931423,0.8911111111111111
877,0.024002135405214155,0.9910963944076527,0.5306514824761285,0.8866666666666667
878,0.028195824598546762,0.9908020603384842,0.5532659912109374,0.8777777777777778
879,0.024393618080526525,0.9910228108903606,0.5539235772026909,0.8888888888888888
880,0.025707408801170725,0.9916850625459896,0.5532980685763889,0.8955555555555555
881,0.02588551923402361,0.989477557027226,0.5617864990234375,0.8866666666666667
882,0.02159368067299995,0.9931567328918323,0.5680729505750868,0.8866666666666667
883,0.02608171130384567,0.989551140544518,0.5746478949652778,0.8822222222222222
884,0.02750739770570689,0.989477557027226,0.5483652411566841,0.8911111111111111
885,0.02499164149022611,0.9916114790286976,0.5649020046657987,0.8866666666666667
886,0.02303464389882428,0.992420897718911,0.5528385755750868,0.8888888888888888
887,0.02469953280147864,0.9913907284768212,0.5461228773328993,0.88
888,0.024124510907530344,0.9910963944076527,0.5375194634331597,0.8866666666666667
889,0.026301202219667637,0.9909492273730685,0.5389900037977431,0.8888888888888888
890,0.02322218483032945,0.9921265636497425,0.5246221245659722,0.8755555555555555
891,0.025905071382052412,0.9921265636497425,0.5349234347873264,0.88
892,0.024995258014109137,0.9909492273730685,0.543364766438802,0.8866666666666667
893,0.023597180097746973,0.9911699779249448,0.5328810289171007,0.8888888888888888
894,0.024258355834713922,0.9915378955114055,0.5283980645073785,0.8866666666666667
895,0.025751120768723195,0.9914643119941133,0.5277398003472222,0.8822222222222222
896,0.024804582588807723,0.990728476821192,0.5204230414496528,0.8866666666666667
897,0.025583473315038956,0.9920529801324504,0.5265323893229167,0.8866666666666667
898,0.025775374131136033,0.9902133922001471,0.5066830783420139,0.8822222222222222
899,0.021461151416377167,0.9920529801324504,0.5183014255099826,0.8888888888888888
900,0.025428487905427934,0.9917586460632818,0.5307619900173611,0.9
901,0.02361415255324116,0.9918322295805739,0.5350060017903646,0.8822222222222222
902,0.02401740373803729,0.9920529801324504,0.5316999647352431,0.8866666666666667
903,0.022343816469485835,0.9922737306843267,0.5313215128580729,0.8733333333333333
904,0.02564391037223092,0.9908756438557763,0.5456558905707465,0.88
905,0.022187228971232906,0.991317144959529,0.5280073377821181,0.8911111111111111
906,0.025337728145282176,0.9909492273730685,0.5359731716579861,0.8844444444444445
907,0.023668067362310256,0.9914643119941133,0.5353037516276041,0.8866666666666667
908,0.022837689661470907,0.9919058130978661,0.5435651312934028,0.88
909,0.026214875817035733,0.9910228108903606,0.5431801350911458,0.8822222222222222
910,0.027348302724696506,0.9904341427520236,0.5260948350694444,0.8866666666666667
911,0.02597185532076557,0.9906548933038999,0.5217452663845487,0.8777777777777778
912,0.025778027577291435,0.9916114790286976,0.5130730523003473,0.8822222222222222
913,0.02376079692658122,0.9916850625459896,0.5256343926323784,0.8866666666666667
914,0.023665941980851757,0.9910228108903606,0.5459800211588541,0.8688888888888889
915,0.023706252018786074,0.992420897718911,0.5362273152669271,0.8866666666666667
916,0.02458220770290619,0.9917586460632818,0.5272979397243923,0.8888888888888888
917,0.025421081105078555,0.9906548933038999,0.5308195326063369,0.8777777777777778
918,0.024327327820902103,0.9921265636497425,0.5424355061848959,0.8777777777777778
919,0.021118737810933475,0.9926416482707874,0.5210208808051215,0.88
920,0.023389718250109045,0.9919058130978661,0.5327859836154514,0.8755555555555555
921,0.02375389398065361,0.9918322295805739,0.5285569254557292,0.88
922,0.024685569297223514,0.9915378955114055,0.5368078952365452,0.88
923,0.02359969810671101,0.9908756438557763,0.5254528469509548,0.8733333333333333
924,0.021192105821689497,0.9924944812362031,0.5473697238498264,0.88
925,0.024181987434033526,0.9908020603384842,0.5480058458116319,0.8866666666666667
926,0.024418294035046306,0.991317144959529,0.5533152601453993,0.8911111111111111
927,0.021264825277770592,0.9922737306843267,0.5521833631727431,0.88
928,0.023190599122935134,0.9917586460632818,0.5551387871636285,0.8844444444444445
929,0.021332294542707003,0.9922001471670345,0.5471723090277778,0.8911111111111111
930,0.02221724381773151,0.9926416482707874,0.5552970038519965,0.8866666666666667
931,0.023194094595442458,0.9919058130978661,0.5565931532118056,0.8866666666666667
932,0.02291067557092797,0.9930831493745401,0.5681070624457465,0.8777777777777778
933,0.02238479232507387,0.9919793966151582,0.537593519422743,0.8844444444444445
934,0.021621172387780645,0.9923473142016188,0.5487476942274305,0.8822222222222222
935,0.020127824126489904,0.9930831493745401,0.5607822672526042,0.8755555555555555
936,0.020746344481433816,0.9924944812362031,0.5530528428819445,0.8822222222222222
937,0.022344449094501465,0.9922737306843267,0.5671369086371528,0.8711111111111111
938,0.024638858553765013,0.9921265636497425,0.5777736409505209,0.8644444444444445
939,0.025011880859195354,0.9912435614422369,0.5275398084852431,0.8822222222222222
940,0.024566353481424653,0.990728476821192,0.549298095703125,0.8844444444444445
941,0.024895486066760696,0.9915378955114055,0.553612060546875,0.8844444444444445
942,0.025064693574435224,0.9908020603384842,0.5731979031032987,0.8733333333333333
943,0.024330480700472508,0.9914643119941133,0.5663605753580729,0.8822222222222222
944,0.02296092915482342,0.9919058130978661,0.5531370035807291,0.88
945,0.024405367713013146,0.9923473142016188,0.5736159939236111,0.8755555555555555
946,0.024497262198228533,0.9921265636497425,0.5730408393012153,0.8688888888888889
947,0.02308879540719207,0.9916850625459896,0.5570859103732639,0.8777777777777778
948,0.02277103147583906,0.9919793966151582,0.5430862765842014,0.8955555555555555
949,0.021361526765746174,0.9924944812362031,0.5497267320421007,0.8822222222222222
950,0.019831957897778554,0.9936718175128771,0.5684499782986111,0.8711111111111111
951,0.020050883907180572,0.9926416482707874,0.5755596245659722,0.8711111111111111
952,0.02167746155818128,0.9923473142016188,0.5750866021050347,0.8822222222222222
953,0.024969269932851448,0.9905813097866077,0.5558701917860243,0.8844444444444445
954,0.026674071895102527,0.991317144959529,0.5684982299804687,0.8733333333333333
955,0.02630168396905558,0.9916114790286976,0.5946011013454862,0.8866666666666667
956,0.02140869873248978,0.9926416482707874,0.6123544650607639,0.8777777777777778
957,0.024839538015628056,0.9911699779249448,0.5624950493706597,0.8888888888888888
958,0.021834773540145954,0.992420897718911,0.579232652452257,0.8933333333333333
959,0.02185900977992941,0.9930831493745401,0.5651489596896702,0.8977777777777778
960,0.021563012640295528,0.993009565857248,0.564355977376302,0.8888888888888888
961,0.022445607343256867,0.9926416482707874,0.56033935546875,0.8911111111111111
962,0.02293032757756989,0.9908020603384842,0.564812995062934,0.8866666666666667
963,0.022441297703757718,0.9915378955114055,0.5719193522135416,0.8777777777777778
964,0.022369533746535504,0.9925680647534952,0.5545935397677951,0.8866666666666667
965,0.019905295873758458,0.9924944812362031,0.5684131537543403,0.8844444444444445
966,0.026277345695242975,0.9906548933038999,0.5517190551757812,0.8888888888888888
967,0.022211634261894087,0.9926416482707874,0.5493944973415799,0.8955555555555555
968,0.021457665347281055,0.9923473142016188,0.5489413113064237,0.8911111111111111
969,0.024245073165500577,0.9915378955114055,0.5775332302517361,0.8755555555555555
970,0.022863029889800778,0.9923473142016188,0.5715855577256944,0.88
971,0.021410146156069634,0.9915378955114055,0.5743092176649306,0.8844444444444445
972,0.021104141892186852,0.9928623988226637,0.5758534749348958,0.8844444444444445
973,0.021527852303320383,0.9929359823399558,0.5801553005642361,0.88
974,0.022653365854483656,0.9919058130978661,0.6080483669704861,0.88
975,0.02144577168120103,0.9922737306843267,0.6007791476779514,0.8755555555555555
976,0.02391044477753292,0.9915378955114055,0.5895044623480903,0.8777777777777778
977,0.020051612531200236,0.9931567328918323,0.5933580186631945,0.8888888888888888
978,0.019561945751715094,0.9932303164091244,0.5865156385633681,0.8844444444444445
979,0.023175295983455566,0.9919793966151582,0.5884208170572917,0.8733333333333333
980,0.022774424002046004,0.9910228108903606,0.5766681586371528,0.8866666666666667
981,0.024357385088013234,0.9909492273730685,0.5686469862196181,0.8822222222222222
982,0.022722574575057882,0.9913907284768212,0.5602385118272569,0.8822222222222222
983,0.02289135464857044,0.9929359823399558,0.5495658704969618,0.8866666666666667
984,0.0212982078086286,0.9922001471670345,0.5377061631944444,0.8822222222222222
985,0.021516492982573857,0.9929359823399558,0.5440023125542535,0.8844444444444445
986,0.019298790236270277,0.9933038999264164,0.5421660359700521,0.8911111111111111
987,0.02057688757283798,0.9927888153053716,0.567955559624566,0.8866666666666667
988,0.021641918628684205,0.9924944812362031,0.5606960042317708,0.8911111111111111
989,0.023950981549957027,0.9921265636497425,0.567977769639757,0.8777777777777778
990,0.020836200531657082,0.9921265636497425,0.5560148111979166,0.88
991,0.01956091867465145,0.9931567328918323,0.5649821980794271,0.88
992,0.022227312695725688,0.9927152317880795,0.5501788669162326,0.8888888888888888
993,0.019049800047548138,0.9939661515820456,0.5741173638237848,0.8733333333333333
994,0.022523019382232598,0.9922737306843267,0.5637979125976562,0.8844444444444445
995,0.02248736915560309,0.9922001471670345,0.5769778781467014,0.8688888888888889
996,0.020635000794490002,0.993009565857248,0.5917574734157987,0.8755555555555555
997,0.02141977117901957,0.9925680647534952,0.5747257486979167,0.8711111111111111
998,0.021449740411956315,0.9919793966151582,0.5883679877387152,0.88
999,0.02237342353074142,0.992420897718911,0.5797848849826389,0.8755555555555555
1000,0.022433852517841666,0.9920529801324504,0.5985569254557291,0.8822222222222222
